iter	MAP:top=10	PrecisionAt:top=1	PrecisionAt:top=10
0	0.08499559083	0.09195402299	0.04942528736
1	0.08982971477	0.1149425287	0.05287356322
2	0.1028238786	0.1034482759	0.05977011494
3	0.1258115155	0.183908046	0.06666666667
4	0.1308259974	0.1724137931	0.06896551724
5	0.1272408852	0.1609195402	0.06896551724
6	0.1289729238	0.183908046	0.0632183908
7	0.1268485395	0.1724137931	0.06666666667
8	0.1246769142	0.183908046	0.06666666667
9	0.1326662562	0.1954022989	0.07011494253
10	0.1368006142	0.2068965517	0.06896551724
11	0.1379044274	0.2068965517	0.07011494253
12	0.1369752326	0.1954022989	0.07011494253
13	0.1390426017	0.2068965517	0.07011494253
14	0.1416158092	0.2068965517	0.07126436782
15	0.1424527915	0.2068965517	0.07126436782
16	0.1432183655	0.2068965517	0.0724137931
17	0.1428960399	0.2068965517	0.0724137931
18	0.1421550964	0.2068965517	0.07126436782
19	0.1444388696	0.2183908046	0.07126436782
20	0.1419184202	0.2068965517	0.0724137931
21	0.1408387814	0.2068965517	0.07356321839
22	0.1413625606	0.1954022989	0.07471264368
23	0.1440532952	0.1954022989	0.07701149425
24	0.145337964	0.1954022989	0.07701149425
25	0.1493063701	0.1954022989	0.0816091954
26	0.1521654894	0.2068965517	0.0816091954
27	0.1457445418	0.2183908046	0.07816091954
28	0.1469787839	0.2183908046	0.08045977011
29	0.147523921	0.2183908046	0.07931034483
30	0.1566437375	0.2298850575	0.08275862069
31	0.1511412151	0.2183908046	0.08275862069
32	0.147526455	0.2068965517	0.08505747126
33	0.1512940157	0.2068965517	0.08390804598
34	0.1488446451	0.2068965517	0.0816091954
35	0.1544575778	0.2068965517	0.08505747126
36	0.1563480914	0.2068965517	0.08850574713
37	0.1531732348	0.2068965517	0.08735632184
38	0.1565632665	0.2298850575	0.08620689655
39	0.1563186716	0.2298850575	0.08735632184
40	0.1580131616	0.2413793103	0.08735632184
41	0.1644912222	0.2528735632	0.08735632184
42	0.1739705599	0.2643678161	0.08965517241
43	0.1750378834	0.2643678161	0.0908045977
44	0.1686768505	0.2528735632	0.0908045977
45	0.1711559504	0.2528735632	0.08965517241
46	0.1763671344	0.2643678161	0.08965517241
47	0.1749103161	0.2643678161	0.08735632184
48	0.1751189915	0.2643678161	0.0908045977
49	0.1726940397	0.2643678161	0.08965517241
50	0.1740384568	0.2643678161	0.08965517241
51	0.1750129433	0.2643678161	0.0908045977
52	0.1843072913	0.2873563218	0.0908045977
53	0.1830620806	0.2873563218	0.09195402299
54	0.1839563387	0.2873563218	0.08965517241
55	0.1889275071	0.2873563218	0.09425287356
56	0.1839894889	0.275862069	0.09540229885
57	0.1828259999	0.275862069	0.09655172414
58	0.1792294847	0.2643678161	0.09655172414
59	0.1799843652	0.2643678161	0.09655172414
60	0.1802454945	0.2643678161	0.09655172414
61	0.1842606276	0.2643678161	0.1
62	0.1964242636	0.2873563218	0.1011494253
63	0.1997642107	0.2988505747	0.1011494253
64	0.1918459476	0.2873563218	0.1
65	0.1926905319	0.2988505747	0.09885057471
66	0.195186883	0.2988505747	0.1
67	0.1968301101	0.2988505747	0.09770114943
68	0.198727574	0.2988505747	0.1
69	0.199205741	0.2988505747	0.1011494253
70	0.1985922581	0.2988505747	0.1011494253
71	0.2060156298	0.3103448276	0.1
72	0.2076082528	0.3103448276	0.1022988506
73	0.2076447424	0.3103448276	0.1022988506
74	0.209086288	0.3103448276	0.1034482759
75	0.2086073608	0.3103448276	0.1034482759
76	0.2099312524	0.3103448276	0.1022988506
77	0.2103134168	0.3103448276	0.1034482759
78	0.2103782511	0.3103448276	0.1034482759
79	0.2132166532	0.3103448276	0.1057471264
80	0.2128138729	0.3103448276	0.1045977011
81	0.2141731139	0.3103448276	0.1045977011
82	0.2112795139	0.3103448276	0.1045977011
83	0.209544878	0.3103448276	0.1045977011
84	0.210328266	0.3103448276	0.1057471264
85	0.2111246861	0.3103448276	0.1057471264
86	0.2115488788	0.3103448276	0.1045977011
87	0.2110026737	0.3103448276	0.1034482759
88	0.2108090503	0.3103448276	0.1034482759
89	0.2122139034	0.3103448276	0.1034482759
90	0.2137943632	0.3103448276	0.1057471264
91	0.2146733738	0.3103448276	0.1068965517
92	0.2144339102	0.3103448276	0.1057471264
93	0.2177162449	0.3103448276	0.108045977
94	0.2195781314	0.3103448276	0.1103448276
95	0.2190321544	0.3103448276	0.1091954023
96	0.2212514371	0.3103448276	0.1103448276
97	0.2176875092	0.3103448276	0.108045977
98	0.2197126871	0.3103448276	0.108045977
99	0.2181240823	0.3103448276	0.1091954023
100	0.2185345914	0.3103448276	0.1091954023
101	0.2209647397	0.3103448276	0.108045977
102	0.2208226905	0.3103448276	0.1103448276
103	0.2214840662	0.3103448276	0.1091954023
104	0.2214361734	0.3103448276	0.1091954023
105	0.2255070547	0.3218390805	0.1103448276
106	0.2216055084	0.3103448276	0.1114942529
107	0.2233070684	0.3103448276	0.1114942529
108	0.2222534285	0.3103448276	0.1103448276
109	0.221886251	0.3103448276	0.1103448276
110	0.2250936949	0.3103448276	0.1103448276
111	0.2242954829	0.3103448276	0.1091954023
112	0.2248747567	0.3103448276	0.1103448276
113	0.2245141676	0.3103448276	0.108045977
114	0.2252804512	0.3103448276	0.1091954023
115	0.2283604201	0.3218390805	0.1103448276
116	0.2306191971	0.3218390805	0.1114942529
117	0.2296613427	0.3218390805	0.1114942529
118	0.2311556825	0.3218390805	0.1114942529
119	0.2319094227	0.3218390805	0.1114942529
120	0.2344596467	0.3333333333	0.1126436782
121	0.2322109694	0.3218390805	0.1126436782
122	0.2344778915	0.3333333333	0.1126436782
123	0.2328905899	0.3218390805	0.1126436782
124	0.2329726917	0.3218390805	0.1126436782
125	0.2323702209	0.3218390805	0.1114942529
126	0.2313658421	0.3218390805	0.1103448276
127	0.2356488197	0.3448275862	0.1114942529
128	0.2326612262	0.3333333333	0.1126436782
129	0.2307044664	0.3333333333	0.1137931034
130	0.2306816604	0.3333333333	0.1126436782
131	0.2288539178	0.3333333333	0.1126436782
132	0.2278960634	0.3333333333	0.1114942529
133	0.2289497032	0.3333333333	0.1126436782
134	0.2289575225	0.3333333333	0.1114942529
135	0.2298902902	0.3333333333	0.1126436782
136	0.2287535711	0.3333333333	0.1114942529
137	0.2286030512	0.3333333333	0.1114942529
138	0.2293611897	0.3333333333	0.1114942529
139	0.229566379	0.3333333333	0.1114942529
140	0.2296576032	0.3333333333	0.1114942529
141	0.2315961181	0.3333333333	0.1126436782
142	0.2323983845	0.3333333333	0.1137931034
143	0.2324154891	0.3333333333	0.1137931034
144	0.2328588388	0.3333333333	0.1137931034
145	0.2315707527	0.3333333333	0.1149425287
146	0.2341815015	0.3333333333	0.1149425287
147	0.2341815015	0.3333333333	0.1149425287
148	0.233919992	0.3333333333	0.1137931034
149	0.233769472	0.3333333333	0.1149425287
150	0.2345585616	0.3333333333	0.1149425287
151	0.2346041737	0.3333333333	0.1149425287
152	0.235606728	0.3333333333	0.116091954
153	0.2354151571	0.3333333333	0.116091954
154	0.2358621558	0.3333333333	0.116091954
155	0.2359208	0.3333333333	0.116091954
156	0.2364391491	0.3333333333	0.1172413793
157	0.2366740515	0.3333333333	0.116091954
158	0.2372502845	0.3333333333	0.116091954
159	0.2365797864	0.3333333333	0.1149425287
160	0.2382916743	0.3333333333	0.1172413793
161	0.2381612236	0.3333333333	0.1172413793
162	0.2382514161	0.3333333333	0.1172413793
163	0.2389298638	0.3333333333	0.1183908046
164	0.2388530074	0.3333333333	0.1172413793
165	0.2384710059	0.3333333333	0.1172413793
166	0.2415179712	0.3333333333	0.1195402299
167	0.2415126498	0.3333333333	0.1195402299
168	0.2480956182	0.3448275862	0.1206896552
169	0.2473692453	0.3448275862	0.1195402299
170	0.2468292304	0.3448275862	0.1195402299
171	0.2478561546	0.3448275862	0.1206896552
172	0.2471457785	0.3448275862	0.1195402299
173	0.2472164773	0.3448275862	0.1195402299
174	0.2451666363	0.3448275862	0.1183908046
175	0.2461888037	0.3448275862	0.1195402299
176	0.2463612175	0.3448275862	0.1195402299
177	0.2462585903	0.3448275862	0.1195402299
178	0.2463293977	0.3448275862	0.1195402299
179	0.2407464748	0.3333333333	0.1195402299
180	0.2419980713	0.3333333333	0.1206896552
181	0.2474133696	0.3448275862	0.1206896552
182	0.2463689282	0.3448275862	0.1195402299
183	0.2467212817	0.3448275862	0.1195402299
184	0.247765343	0.3448275862	0.1206896552
185	0.2476695576	0.3448275862	0.1206896552
186	0.2479940552	0.3448275862	0.1206896552
187	0.2477338707	0.3448275862	0.1206896552
188	0.2478022889	0.3448275862	0.1206896552
189	0.2493572058	0.3448275862	0.1206896552
190	0.25005051	0.3448275862	0.1218390805
191	0.2521471469	0.3448275862	0.124137931
192	0.252302228	0.3448275862	0.124137931
193	0.2530685116	0.3448275862	0.1252873563
194	0.2467290792	0.3333333333	0.124137931
195	0.2469525786	0.3333333333	0.124137931
196	0.2485809311	0.3333333333	0.1252873563
197	0.2481749833	0.3333333333	0.1252873563
198	0.2541722161	0.3448275862	0.1252873563
199	0.2545809007	0.3448275862	0.1264367816
200	0.254006188	0.3448275862	0.1252873563
201	0.2525438637	0.3448275862	0.124137931
202	0.2533835827	0.3448275862	0.1252873563
203	0.2528152557	0.3448275862	0.124137931
204	0.2539167883	0.3448275862	0.1252873563
205	0.2548522928	0.3448275862	0.1252873563
206	0.255357827	0.3563218391	0.1252873563
207	0.2562475674	0.3563218391	0.1252873563
208	0.2571209887	0.3563218391	0.1264367816
209	0.2579575148	0.3563218391	0.1264367816
210	0.2568974893	0.3448275862	0.1264367816
211	0.2573977022	0.3448275862	0.1275862069
212	0.2586565965	0.3448275862	0.1287356322
213	0.2583167863	0.3448275862	0.1287356322
214	0.2589617416	0.3448275862	0.1287356322
215	0.2603293955	0.3563218391	0.1287356322
216	0.2598459071	0.3563218391	0.1287356322
217	0.2651943836	0.367816092	0.1287356322
218	0.265915055	0.367816092	0.1287356322
219	0.2663129447	0.367816092	0.1287356322
220	0.2669173052	0.367816092	0.1287356322
221	0.2679189473	0.367816092	0.1298850575
222	0.2687992611	0.367816092	0.1298850575
223	0.2690455665	0.367816092	0.1298850575
224	0.2693119413	0.3793103448	0.1287356322
225	0.2691913225	0.3793103448	0.1287356322
226	0.269223251	0.3793103448	0.1287356322
227	0.2703690273	0.3793103448	0.1287356322
228	0.27094374	0.3793103448	0.1298850575
229	0.2716279217	0.3793103448	0.1310344828
230	0.270864679	0.3793103448	0.1298850575
231	0.2703994354	0.3793103448	0.1287356322
232	0.2705563411	0.3793103448	0.1298850575
233	0.2710238653	0.3793103448	0.1310344828
234	0.2702201147	0.3793103448	0.1310344828
235	0.270831317	0.3793103448	0.1310344828
236	0.2720263544	0.3793103448	0.1310344828
237	0.2731119227	0.3793103448	0.132183908
238	0.2733741924	0.3793103448	0.132183908
239	0.2736516661	0.3793103448	0.132183908
240	0.2727576686	0.3793103448	0.1310344828
241	0.2733430241	0.3793103448	0.1310344828
242	0.2731514532	0.3793103448	0.1310344828
243	0.2747364742	0.3793103448	0.1333333333
244	0.2746406888	0.3793103448	0.1333333333
245	0.2754834486	0.3793103448	0.1333333333
246	0.2762847014	0.3793103448	0.1344827586
247	0.2763850481	0.3793103448	0.1344827586
248	0.2780863799	0.3793103448	0.1356321839
249	0.2780749769	0.3793103448	0.1356321839
250	0.2759061209	0.3793103448	0.1344827586
251	0.2779977404	0.3793103448	0.1356321839
252	0.2795558502	0.3793103448	0.1344827586
253	0.2802369911	0.3793103448	0.1344827586
254	0.2805409959	0.3793103448	0.1356321839
255	0.279754643	0.3793103448	0.1356321839
256	0.2806826975	0.3793103448	0.1356321839
257	0.2805891927	0.3793103448	0.1344827586
258	0.2818822961	0.3793103448	0.1344827586
259	0.282055166	0.3793103448	0.1356321839
260	0.2810749617	0.3793103448	0.1356321839
261	0.2812542173	0.3793103448	0.1356321839
262	0.2816254999	0.3793103448	0.1356321839
263	0.2818079484	0.3793103448	0.1356321839
264	0.2819280603	0.3793103448	0.1356321839
265	0.2819900928	0.3793103448	0.1356321839
266	0.2841867722	0.3793103448	0.1356321839
267	0.284001587	0.3793103448	0.1356321839
268	0.2841384234	0.3793103448	0.1356321839
269	0.2844937417	0.3793103448	0.1356321839
270	0.2852052907	0.3793103448	0.1356321839
271	0.2859715742	0.3793103448	0.1356321839
272	0.2863957669	0.3793103448	0.1356321839
273	0.2862206164	0.3793103448	0.1356321839
274	0.28649771	0.3793103448	0.1356321839
275	0.2864178888	0.3793103448	0.1356321839
276	0.2862639479	0.3793103448	0.1356321839
277	0.2860700964	0.3793103448	0.1356321839
278	0.2865387609	0.3793103448	0.1356321839
279	0.2866703518	0.3793103448	0.1356321839
280	0.2868071882	0.3793103448	0.1356321839
281	0.2864650973	0.3793103448	0.1344827586
282	0.2870078815	0.3793103448	0.1344827586
283	0.2870078815	0.3793103448	0.1344827586
284	0.2871419811	0.3793103448	0.1344827586
285	0.2868546248	0.3793103448	0.1344827586
286	0.2882873013	0.3793103448	0.1344827586
287	0.2890791276	0.3793103448	0.1356321839
288	0.2889641851	0.3793103448	0.1356321839
289	0.28838035	0.3793103448	0.1344827586
290	0.2886266554	0.3793103448	0.1344827586
291	0.2893163106	0.3793103448	0.1356321839
292	0.2898910232	0.3793103448	0.1356321839
293	0.2900278596	0.3793103448	0.1356321839
294	0.2903152159	0.3793103448	0.1356321839
295	0.2908146686	0.3793103448	0.1356321839
296	0.2903881953	0.3793103448	0.1356321839
297	0.2903881953	0.3793103448	0.1356321839
298	0.290921857	0.3793103448	0.1356321839
299	0.2910586934	0.3793103448	0.1356321839
300	0.2908671225	0.3793103448	0.1356321839
301	0.2921442617	0.3793103448	0.1367816092
302	0.2921442617	0.3793103448	0.1367816092
303	0.2923495162	0.3793103448	0.1367816092
304	0.2927805507	0.3793103448	0.1367816092
305	0.2936426197	0.3793103448	0.1379310345
306	0.2937703336	0.3793103448	0.1379310345
307	0.2924293374	0.3793103448	0.1367816092
308	0.2924384598	0.3793103448	0.1367816092
309	0.2928202984	0.3793103448	0.1367816092
310	0.2936745482	0.3793103448	0.1367816092
311	0.2935377118	0.3793103448	0.1367816092
312	0.2932503555	0.3793103448	0.1367816092
313	0.2936228544	0.3793103448	0.1367816092
314	0.2948133306	0.3793103448	0.1367816092
315	0.2948133306	0.3793103448	0.1367816092
316	0.2949775342	0.3793103448	0.1367816092
317	0.2949775342	0.3793103448	0.1367816092
318	0.2956571547	0.3793103448	0.1379310345
319	0.2955887366	0.3793103448	0.1379310345
320	0.2959034601	0.3793103448	0.1379310345
321	0.2966150091	0.3793103448	0.1390804598
322	0.2967016722	0.3793103448	0.1379310345
323	0.2966137059	0.3793103448	0.1379310345
324	0.2993914837	0.3793103448	0.1390804598
325	0.2990083419	0.3793103448	0.1390804598
326	0.3009240508	0.3908045977	0.1390804598
327	0.3011794786	0.3908045977	0.1390804598
328	0.3012788117	0.3908045977	0.1390804598
329	0.3012310818	0.3908045977	0.1390804598
330	0.3012310818	0.3908045977	0.1390804598
331	0.3029771136	0.3908045977	0.1402298851
332	0.3029771136	0.3908045977	0.1402298851
333	0.3021980587	0.3908045977	0.1390804598
334	0.3019633843	0.3908045977	0.1390804598
335	0.30214786	0.3908045977	0.1390804598
336	0.30214786	0.3908045977	0.1390804598
337	0.30214786	0.3908045977	0.1390804598
338	0.3027218885	0.3908045977	0.1390804598
339	0.3049568821	0.4022988506	0.1390804598
340	0.3032327441	0.3908045977	0.1390804598
341	0.3043821694	0.3908045977	0.1390804598
342	0.3043821694	0.3908045977	0.1390804598
343	0.3058764223	0.3908045977	0.1402298851
344	0.3053017097	0.3908045977	0.1390804598
345	0.3049664606	0.3908045977	0.1390804598
346	0.3052538169	0.4022988506	0.1390804598
347	0.305589066	0.4022988506	0.1402298851
348	0.306312018	0.4022988506	0.1402298851
349	0.3084001406	0.4022988506	0.1413793103
350	0.3081127843	0.4022988506	0.1413793103
351	0.3081127843	0.4022988506	0.1413793103
352	0.3070735122	0.4022988506	0.1413793103
353	0.3082170731	0.4022988506	0.1413793103
354	0.3093904448	0.4022988506	0.1413793103
355	0.3088476606	0.4022988506	0.1413793103
356	0.3090392315	0.4022988506	0.1413793103
357	0.3090392315	0.4022988506	0.1413793103
358	0.3084134333	0.4022988506	0.1425287356
359	0.3080686057	0.4022988506	0.1425287356
360	0.3080686057	0.4022988506	0.1425287356
361	0.3087151574	0.4022988506	0.1425287356
362	0.3097145188	0.4022988506	0.1425287356
363	0.3097145188	0.4022988506	0.1425287356
364	0.3100018752	0.4022988506	0.1425287356
365	0.3097145188	0.4022988506	0.1425287356
366	0.3104009812	0.4022988506	0.1425287356
367	0.3110395508	0.4022988506	0.1425287356
368	0.3107795617	0.4022988506	0.1425287356
369	0.3106624906	0.4022988506	0.1425287356
370	0.3131848406	0.4022988506	0.1436781609
371	0.3134562326	0.4022988506	0.1436781609
372	0.313615875	0.4022988506	0.1436781609
373	0.313615875	0.4022988506	0.1436781609
374	0.3137185023	0.4022988506	0.1436781609
375	0.3118794218	0.4022988506	0.1413793103
376	0.3119204727	0.4022988506	0.1413793103
377	0.3110424395	0.4022988506	0.1413793103
378	0.3123902775	0.4022988506	0.1425287356
379	0.3128585619	0.4022988506	0.1425287356
380	0.3133694176	0.4022988506	0.1413793103
381	0.3133694176	0.4022988506	0.1413793103
382	0.3137525593	0.4022988506	0.1425287356
383	0.3138802733	0.4022988506	0.1425287356
384	0.3150296986	0.4022988506	0.1436781609
385	0.3150296986	0.4022988506	0.1436781609
386	0.3150068925	0.4022988506	0.1436781609
387	0.3155475481	0.4022988506	0.1448275862
388	0.3161222607	0.4022988506	0.1448275862
389	0.3161222607	0.4022988506	0.1448275862
390	0.315652456	0.4022988506	0.1448275862
391	0.3159466541	0.4022988506	0.1448275862
392	0.3174244866	0.4022988506	0.1459770115
393	0.3181854487	0.4022988506	0.1471264368
394	0.3204021975	0.4137931034	0.1482758621
395	0.3202379939	0.4137931034	0.1482758621
396	0.3202790448	0.4137931034	0.1482758621
397	0.3207990229	0.4137931034	0.1482758621
398	0.3209016501	0.4137931034	0.1482758621
399	0.3203132539	0.4137931034	0.1482758621
400	0.3216861785	0.4137931034	0.1482758621
401	0.3217956476	0.4137931034	0.1482758621
402	0.3222745748	0.4137931034	0.1482758621
403	0.3221308966	0.4137931034	0.1482758621
404	0.3223635184	0.4137931034	0.1482758621
405	0.3235676782	0.4137931034	0.1494252874
406	0.3236589025	0.4137931034	0.1494252874
407	0.325208346	0.4137931034	0.1505747126
408	0.3252630805	0.4137931034	0.1505747126
409	0.3251572604	0.4137931034	0.1505747126
410	0.325547244	0.4137931034	0.1505747126
411	0.325310061	0.4137931034	0.1494252874
412	0.325310061	0.4137931034	0.1494252874
413	0.3261994973	0.4137931034	0.1505747126
414	0.3261242373	0.4137931034	0.1494252874
415	0.3263509295	0.4137931034	0.1494252874
416	0.3268617852	0.4137931034	0.1494252874
417	0.3268617852	0.4137931034	0.1494252874
418	0.3268617852	0.4137931034	0.1494252874
419	0.3264087048	0.4137931034	0.1494252874
420	0.3271430599	0.4137931034	0.1494252874
421	0.3261555576	0.4137931034	0.1482758621
422	0.3256255448	0.4137931034	0.1471264368
423	0.3256255448	0.4137931034	0.1471264368
424	0.3259448296	0.4137931034	0.1471264368
425	0.3256255448	0.4137931034	0.1471264368
426	0.326104472	0.4137931034	0.1471264368
427	0.3267816599	0.4137931034	0.1471264368
428	0.327452158	0.4137931034	0.1482758621
429	0.3272925156	0.4137931034	0.1482758621
430	0.3289345517	0.4137931034	0.1505747126
431	0.3284747816	0.4137931034	0.1505747126
432	0.329221908	0.4137931034	0.1505747126
433	0.3280724827	0.4137931034	0.1494252874
434	0.3286266699	0.4137931034	0.1494252874
435	0.3291055971	0.4137931034	0.1494252874
436	0.329700075	0.4137931034	0.1505747126
437	0.3296529425	0.4137931034	0.1505747126
438	0.3298718806	0.4137931034	0.1517241379
439	0.3299266152	0.4137931034	0.1517241379
440	0.3299266152	0.4137931034	0.1517241379
441	0.3294668451	0.4137931034	0.1517241379
442	0.3297815687	0.4137931034	0.1517241379
443	0.3299925247	0.4137931034	0.1505747126
444	0.3293938657	0.4137931034	0.1505747126
445	0.3293938657	0.4137931034	0.1505747126
446	0.3295215796	0.4137931034	0.1505747126
447	0.3302741795	0.4137931034	0.1505747126
448	0.3326079994	0.4137931034	0.1505747126
449	0.3325623872	0.4137931034	0.1505747126
450	0.3330549981	0.4137931034	0.1505747126
451	0.3329010572	0.4137931034	0.1517241379
452	0.3330835056	0.4137931034	0.1517241379
453	0.3330287711	0.4137931034	0.1517241379
454	0.3331747299	0.4137931034	0.1517241379
455	0.3331635549	0.4137931034	0.1505747126
456	0.3334752377	0.4137931034	0.1505747126
457	0.3336348801	0.4137931034	0.1505747126
458	0.334722729	0.4137931034	0.1517241379
459	0.334722729	0.4137931034	0.1517241379
460	0.3349964017	0.4137931034	0.1517241379
461	0.3349964017	0.4137931034	0.1517241379
462	0.335283758	0.4137931034	0.1517241379
463	0.3352153399	0.4137931034	0.1517241379
464	0.3336417219	0.4137931034	0.1494252874
465	0.3346634333	0.4137931034	0.1505747126
466	0.3362336303	0.4137931034	0.1517241379
467	0.3359599576	0.4137931034	0.1517241379
468	0.3360479239	0.4137931034	0.1517241379
469	0.3356168894	0.4137931034	0.1517241379
470	0.3360000311	0.4137931034	0.1517241379
471	0.3362052856	0.4137931034	0.1517241379
472	0.3369852528	0.4137931034	0.1517241379
473	0.3360912554	0.4137931034	0.1517241379
474	0.3373364661	0.4137931034	0.1517241379
475	0.3385543095	0.4137931034	0.1528735632
476	0.3388279822	0.4137931034	0.1528735632
477	0.3396900512	0.4137931034	0.1540229885
478	0.3390514816	0.4137931034	0.1528735632
479	0.340344585	0.4137931034	0.1540229885
480	0.3398177651	0.4137931034	0.1528735632
481	0.3413024395	0.4137931034	0.1540229885
482	0.3413024395	0.4137931034	0.1540229885
483	0.341262909	0.4137931034	0.1540229885
484	0.3488299588	0.4367816092	0.1540229885
485	0.3488299588	0.4367816092	0.1540229885
486	0.3542425964	0.4482758621	0.1540229885
487	0.354511925	0.4482758621	0.1540229885
488	0.354511925	0.4482758621	0.1540229885
489	0.354511925	0.4482758621	0.1540229885
490	0.3548312098	0.4482758621	0.1540229885
491	0.3543878601	0.4482758621	0.1540229885
492	0.3548220874	0.4482758621	0.1540229885
493	0.3549178729	0.4482758621	0.1540229885
494	0.354515574	0.4482758621	0.1540229885
495	0.3544129467	0.4482758621	0.1540229885
496	0.3552599637	0.4482758621	0.1551724138
497	0.3552599637	0.4482758621	0.1551724138
498	0.3552599637	0.4482758621	0.1551724138
499	0.3553146983	0.4482758621	0.1551724138
500	0.3554674988	0.4482758621	0.1551724138
501	0.3554674988	0.4482758621	0.1551724138
502	0.3554674988	0.4482758621	0.1551724138
503	0.3554674988	0.4482758621	0.1551724138
504	0.3555701261	0.4482758621	0.1551724138
505	0.3560362819	0.4482758621	0.1551724138
506	0.3558766395	0.4482758621	0.1551724138
507	0.3560469247	0.4482758621	0.1551724138
508	0.3560469247	0.4482758621	0.1551724138
509	0.3562065671	0.4482758621	0.1551724138
510	0.3567493513	0.4482758621	0.1551724138
511	0.3569888149	0.4482758621	0.1551724138
512	0.3566809331	0.4482758621	0.1551724138
513	0.3565212907	0.4482758621	0.1551724138
514	0.3565212907	0.4482758621	0.1551724138
515	0.356823471	0.4482758621	0.1551724138
516	0.3578634272	0.4482758621	0.1551724138
517	0.3578634272	0.4482758621	0.1551724138
518	0.3575304588	0.4482758621	0.1551724138
519	0.3577357133	0.4482758621	0.1551724138
520	0.3572659085	0.4482758621	0.1551724138
521	0.3577607999	0.4482758621	0.1551724138
522	0.3576410681	0.4482758621	0.1551724138
523	0.3578007105	0.4482758621	0.1551724138
524	0.3574175688	0.4482758621	0.1551724138
525	0.3574175688	0.4482758621	0.1551724138
526	0.3574175688	0.4482758621	0.1551724138
527	0.3579466693	0.4482758621	0.1551724138
528	0.3590413601	0.4482758621	0.1563218391
529	0.3595020424	0.4482758621	0.1563218391
530	0.3592283697	0.4482758621	0.1563218391
531	0.3583343723	0.4482758621	0.1551724138
532	0.3578417614	0.4482758621	0.1540229885
533	0.358081225	0.4482758621	0.1540229885
534	0.3584132812	0.4482758621	0.1540229885
535	0.3584132812	0.4482758621	0.1540229885
536	0.3584132812	0.4482758621	0.1540229885
537	0.36032899	0.4482758621	0.1540229885
538	0.359270789	0.4482758621	0.1551724138
539	0.3611864978	0.4482758621	0.1551724138
540	0.360076603	0.4482758621	0.1551724138
541	0.3605555302	0.4482758621	0.1551724138
542	0.3605555302	0.4482758621	0.1551724138
543	0.3605725587	0.4482758621	0.1551724138
544	0.3605725587	0.4482758621	0.1551724138
545	0.3604022735	0.4482758621	0.1551724138
546	0.3604022735	0.4482758621	0.1551724138
547	0.36061513	0.4482758621	0.1551724138
548	0.3629139806	0.4482758621	0.1574712644
549	0.3619348406	0.4482758621	0.1563218391
550	0.3619348406	0.4482758621	0.1563218391
551	0.3619348406	0.4482758621	0.1563218391
552	0.3607334175	0.4482758621	0.1551724138
553	0.3627996463	0.4482758621	0.1563218391
554	0.3627996463	0.4482758621	0.1563218391
555	0.3627996463	0.4482758621	0.1563218391
556	0.3626628099	0.4482758621	0.1563218391
557	0.3636589785	0.4482758621	0.1574712644
558	0.3636589785	0.4482758621	0.1574712644
559	0.3645785187	0.4482758621	0.1586206897
560	0.3647062326	0.4482758621	0.1586206897
561	0.3648813832	0.4482758621	0.1574712644
562	0.3660308084	0.4482758621	0.1586206897
563	0.3661202082	0.4482758621	0.1586206897
564	0.3670780626	0.4482758621	0.1586206897
565	0.3670780626	0.4482758621	0.1586206897
566	0.3670780626	0.4482758621	0.1586206897
567	0.3670780626	0.4482758621	0.1586206897
568	0.3690485059	0.4482758621	0.1597701149
569	0.368261697	0.4482758621	0.1597701149
570	0.3692195514	0.4482758621	0.1597701149
571	0.3692195514	0.4482758621	0.1597701149
572	0.3692195514	0.4482758621	0.1597701149
573	0.3681248606	0.4482758621	0.1597701149
574	0.3705532496	0.4597701149	0.1597701149
575	0.3678621348	0.4482758621	0.1597701149
576	0.3678329431	0.4482758621	0.1597701149
577	0.368111177	0.4482758621	0.1597701149
578	0.3677584433	0.4482758621	0.1597701149
579	0.3677584433	0.4482758621	0.1597701149
580	0.3677504612	0.4482758621	0.1597701149
581	0.3680419226	0.4482758621	0.1597701149
582	0.368999777	0.4482758621	0.1597701149
583	0.3690168816	0.4482758621	0.1597701149
584	0.3679871881	0.4482758621	0.1586206897
585	0.368227792	0.4482758621	0.1597701149
586	0.3692814318	0.4482758621	0.1586206897
587	0.367365723	0.4482758621	0.1586206897
588	0.367365723	0.4482758621	0.1586206897
589	0.3663280474	0.4482758621	0.1586206897
590	0.3664344757	0.4482758621	0.1586206897
591	0.3664344757	0.4482758621	0.1586206897
592	0.3663386902	0.4482758621	0.1586206897
593	0.3692601462	0.4482758621	0.1586206897
594	0.3705372854	0.4482758621	0.1586206897
595	0.3723359231	0.4482758621	0.1597701149
596	0.3708991415	0.4482758621	0.1597701149
597	0.3708565702	0.4482758621	0.1597701149
598	0.3708565702	0.4482758621	0.1597701149
599	0.3705828975	0.4482758621	0.1597701149
600	0.370788152	0.4482758621	0.1597701149
601	0.3716480924	0.4482758621	0.1609195402
602	0.3714955199	0.4482758621	0.1597701149
603	0.3724588477	0.4482758621	0.1609195402
604	0.3729537392	0.4482758621	0.1609195402
605	0.3785708711	0.4712643678	0.1609195402
606	0.3791904356	0.4712643678	0.1620689655
607	0.3797651483	0.4712643678	0.1620689655
608	0.3801482901	0.4712643678	0.1620689655
609	0.3813072939	0.4712643678	0.1620689655
610	0.3813072939	0.4712643678	0.1620689655
611	0.3807453526	0.4712643678	0.1609195402
612	0.3810247268	0.4712643678	0.1609195402
613	0.3810247268	0.4712643678	0.1609195402
614	0.381714382	0.4712643678	0.1620689655
615	0.3808970129	0.4712643678	0.1609195402
616	0.3807905846	0.4712643678	0.1609195402
617	0.3803849409	0.4712643678	0.1609195402
618	0.3804913692	0.4712643678	0.1609195402
619	0.3805977974	0.4712643678	0.1609195402
620	0.3807916489	0.4712643678	0.1609195402
621	0.3808714701	0.4712643678	0.1609195402
622	0.3808714701	0.4712643678	0.1609195402
623	0.3810653216	0.4712643678	0.1609195402
624	0.3810653216	0.4712643678	0.1609195402
625	0.3810653216	0.4712643678	0.1609195402
626	0.3810653216	0.4712643678	0.1609195402
627	0.3812192625	0.4712643678	0.1609195402
628	0.3816981897	0.4712643678	0.1609195402
629	0.3825602587	0.4712643678	0.1620689655
630	0.3825602587	0.4712643678	0.1620689655
631	0.3825602587	0.4712643678	0.1620689655
632	0.3820813315	0.4712643678	0.1620689655
633	0.3823112165	0.4712643678	0.1620689655
634	0.3826943583	0.4712643678	0.1620689655
635	0.3830668572	0.4712643678	0.1620689655
636	0.3833329279	0.4712643678	0.1620689655
637	0.3833329279	0.4712643678	0.1620689655
638	0.3833329279	0.4712643678	0.1620689655
639	0.3833329279	0.4712643678	0.1620689655
640	0.3839943036	0.4712643678	0.1620689655
641	0.3833557339	0.4712643678	0.1620689655
642	0.38360432	0.4712643678	0.1620689655
643	0.3840832472	0.4712643678	0.1620689655
644	0.3842371881	0.4712643678	0.1620689655
645	0.3844424426	0.4712643678	0.1620689655
646	0.3844424426	0.4712643678	0.1620689655
647	0.3850399613	0.4712643678	0.1620689655
648	0.3850399613	0.4712643678	0.1620689655
649	0.3856785309	0.4712643678	0.1620689655
650	0.3851357467	0.4712643678	0.1620689655
651	0.385234573	0.4712643678	0.1620689655
652	0.3864311308	0.4712643678	0.1620689655
653	0.3858438748	0.4712643678	0.1620689655
654	0.3857925612	0.4712643678	0.1620689655
655	0.3857925612	0.4712643678	0.1620689655
656	0.3876124845	0.4827586207	0.1620689655
657	0.3871335573	0.4712643678	0.1620689655
658	0.3885703389	0.4827586207	0.1620689655
659	0.3890492662	0.4827586207	0.1620689655
660	0.3896878358	0.4827586207	0.1620689655
661	0.3896878358	0.4827586207	0.1620689655
662	0.3898208711	0.4827586207	0.1620689655
663	0.3896429838	0.4827586207	0.1620689655
664	0.389489043	0.4827586207	0.1620689655
665	0.3893932575	0.4827586207	0.1620689655
666	0.3895209714	0.4827586207	0.1620689655
667	0.3892393166	0.4827586207	0.1620689655
668	0.3892393166	0.4827586207	0.1620689655
669	0.3897182438	0.4827586207	0.1620689655
670	0.3898721847	0.4827586207	0.1620689655
671	0.3898721847	0.4827586207	0.1620689655
672	0.3898721847	0.4827586207	0.1620689655
673	0.3898721847	0.4827586207	0.1620689655
674	0.3899303402	0.4827586207	0.1620689655
675	0.3906646952	0.4827586207	0.1620689655
676	0.3904594407	0.4827586207	0.1620689655
677	0.390596277	0.4827586207	0.1620689655
678	0.39098398	0.4827586207	0.1620689655
679	0.39098398	0.4827586207	0.1620689655
680	0.3909201231	0.4827586207	0.1620689655
681	0.3892949634	0.4712643678	0.1620689655
682	0.3892949634	0.4712643678	0.1620689655
683	0.3904991232	0.4827586207	0.1620689655
684	0.3911274301	0.4827586207	0.1620689655
685	0.3905162278	0.4827586207	0.1620689655
686	0.3903246569	0.4827586207	0.1620689655
687	0.389274438	0.4827586207	0.1620689655
688	0.3914364522	0.4827586207	0.1620689655
689	0.3914364522	0.4827586207	0.1620689655
690	0.3929047822	0.4827586207	0.1620689655
691	0.3919286829	0.4827586207	0.1620689655
692	0.3921339374	0.4827586207	0.1620689655
693	0.3920062235	0.4827586207	0.1620689655
694	0.3913676539	0.4827586207	0.1620689655
695	0.3920573091	0.4827586207	0.1632183908
696	0.3932067344	0.4827586207	0.1632183908
697	0.393845304	0.4827586207	0.1632183908
698	0.3941135032	0.4827586207	0.1620689655
699	0.3948548521	0.4827586207	0.1632183908
700	0.3942162825	0.4827586207	0.1632183908
701	0.3954204423	0.4827586207	0.1632183908
702	0.3960462405	0.4827586207	0.1643678161
703	0.3961192199	0.4827586207	0.1643678161
704	0.3965023617	0.4827586207	0.1643678161
705	0.3993918892	0.4942528736	0.1643678161
706	0.3993918892	0.4942528736	0.1643678161
707	0.3993918892	0.4942528736	0.1643678161
708	0.3977042409	0.4827586207	0.1643678161
709	0.3993918892	0.4942528736	0.1643678161
710	0.3982698311	0.4827586207	0.1643678161
711	0.4001855399	0.4942528736	0.1643678161
712	0.4003679884	0.4942528736	0.1643678161
713	0.4003679884	0.4942528736	0.1643678161
714	0.4031457662	0.4942528736	0.1643678161
715	0.4044470147	0.4942528736	0.1655172414
716	0.4043284232	0.4942528736	0.1655172414
717	0.4048790265	0.4942528736	0.1655172414
718	0.4048972714	0.4942528736	0.1655172414
719	0.4029815626	0.4942528736	0.1655172414
720	0.4034468061	0.4942528736	0.1655172414
721	0.4030819092	0.4942528736	0.1655172414
722	0.4030727868	0.4942528736	0.1655172414
723	0.4037113564	0.4942528736	0.1655172414
724	0.4030727868	0.4942528736	0.1655172414
725	0.4020282694	0.4827586207	0.1655172414
726	0.4015037301	0.4942528736	0.1655172414
727	0.401631444	0.4942528736	0.1643678161
728	0.4034741734	0.4942528736	0.1655172414
729	0.4042678242	0.4942528736	0.1655172414
730	0.4040547505	0.4827586207	0.1666666667
731	0.4040377364	0.4827586207	0.1666666667
732	0.4043250927	0.4827586207	0.1666666667
733	0.4042612358	0.4827586207	0.1666666667
734	0.4039738795	0.4827586207	0.1666666667
735	0.4054585538	0.4827586207	0.167816092
736	0.4048655963	0.4827586207	0.1666666667
737	0.4048655963	0.4827586207	0.1666666667
738	0.4048655963	0.4827586207	0.1666666667
739	0.4059032719	0.4827586207	0.1666666667
740	0.4059032719	0.4827586207	0.1666666667
741	0.4061769446	0.4827586207	0.1666666667
742	0.406833759	0.4827586207	0.1666666667
743	0.4058416956	0.4827586207	0.1666666667
744	0.408727965	0.4827586207	0.1689655172
745	0.408727965	0.4827586207	0.1689655172
746	0.4059296618	0.4827586207	0.1666666667
747	0.4061349163	0.4827586207	0.1666666667
748	0.4080825536	0.4827586207	0.1689655172
749	0.409040408	0.4827586207	0.1689655172
750	0.409040408	0.4827586207	0.1689655172
751	0.4107166532	0.4827586207	0.1689655172
752	0.4107166532	0.4827586207	0.1689655172
753	0.4107932816	0.4827586207	0.1689655172
754	0.4106017107	0.4827586207	0.1689655172
755	0.4100657683	0.4827586207	0.1689655172
756	0.4099859471	0.4827586207	0.1689655172
757	0.4099859471	0.4827586207	0.1689655172
758	0.4107043379	0.4827586207	0.1689655172
759	0.4107043379	0.4827586207	0.1689655172
760	0.4107043379	0.4827586207	0.1689655172
761	0.4101866404	0.4827586207	0.1689655172
762	0.410241375	0.4827586207	0.1689655172
763	0.4103211962	0.4827586207	0.1689655172
764	0.4107522306	0.4827586207	0.1689655172
765	0.4107522306	0.4827586207	0.1689655172
766	0.410403298	0.4827586207	0.1689655172
767	0.410403298	0.4827586207	0.1689655172
768	0.4097464835	0.4827586207	0.167816092
769	0.4110373064	0.4827586207	0.1689655172
770	0.4123575237	0.4827586207	0.1689655172
771	0.4123575237	0.4827586207	0.1689655172
772	0.4123575237	0.4827586207	0.1689655172
773	0.4116049238	0.4827586207	0.1689655172
774	0.4116049238	0.4827586207	0.1689655172
775	0.411458965	0.4827586207	0.1689655172
776	0.4116186074	0.4827586207	0.1689655172
777	0.4140018404	0.4827586207	0.1701149425
778	0.4140018404	0.4827586207	0.1701149425
779	0.4140018404	0.4827586207	0.1701149425
780	0.4141557813	0.4827586207	0.1701149425
781	0.4141557813	0.4827586207	0.1701149425
782	0.4143610358	0.4827586207	0.1701149425
783	0.4137863232	0.4827586207	0.1701149425
784	0.4130679324	0.4827586207	0.1701149425
785	0.4137863232	0.4827586207	0.1701149425
786	0.4142070949	0.4827586207	0.1701149425
787	0.4140953452	0.4827586207	0.1701149425
788	0.4143348088	0.4827586207	0.1701149425
789	0.4140200853	0.4827586207	0.1701149425
790	0.4140200853	0.4827586207	0.1701149425
791	0.4149961845	0.4827586207	0.1701149425
792	0.4154066935	0.4827586207	0.1701149425
793	0.4154066935	0.4827586207	0.1701149425
794	0.4155606344	0.4827586207	0.1701149425
795	0.4155606344	0.4827586207	0.1701149425
796	0.4155606344	0.4827586207	0.1701149425
797	0.4139687716	0.4827586207	0.1689655172
798	0.4139687716	0.4827586207	0.1689655172
799	0.4138538291	0.4827586207	0.1689655172
800	0.4138538291	0.4827586207	0.1689655172
801	0.413981543	0.4827586207	0.1689655172
802	0.413981543	0.4827586207	0.1689655172
803	0.4146383575	0.4827586207	0.1701149425
804	0.4147533	0.4827586207	0.1701149425
805	0.4143701582	0.4827586207	0.1689655172
806	0.4140964856	0.4827586207	0.1689655172
807	0.4140964856	0.4827586207	0.1689655172
808	0.4155195835	0.4827586207	0.1701149425
809	0.4155195835	0.4827586207	0.1701149425
810	0.4158206235	0.4827586207	0.1701149425
811	0.4158206235	0.4827586207	0.1701149425
812	0.4155195835	0.4827586207	0.1712643678
813	0.415314329	0.4827586207	0.1712643678
814	0.415314329	0.4827586207	0.1712643678
815	0.4173030172	0.4942528736	0.1712643678
816	0.4173030172	0.4942528736	0.1712643678
817	0.418021408	0.4942528736	0.1712643678
818	0.418021408	0.4942528736	0.1712643678
819	0.4179484286	0.4942528736	0.1712643678
820	0.4179484286	0.4942528736	0.1712643678
821	0.4167990033	0.4942528736	0.1701149425
822	0.4170042579	0.4942528736	0.1701149425
823	0.416986013	0.4942528736	0.1701149425
824	0.4185185801	0.4942528736	0.1712643678
825	0.4196296912	0.4942528736	0.1712643678
826	0.4175074246	0.4942528736	0.1701149425
827	0.4173979556	0.4942528736	0.1701149425
828	0.4175074246	0.4942528736	0.1701149425
829	0.4173979556	0.4942528736	0.1701149425
830	0.4173979556	0.4942528736	0.1701149425
831	0.4173979556	0.4942528736	0.1701149425
832	0.4175074246	0.4942528736	0.1701149425
833	0.4173979556	0.4942528736	0.1701149425
834	0.4173979556	0.4942528736	0.1701149425
835	0.4173979556	0.4942528736	0.1701149425
836	0.4173979556	0.4942528736	0.1701149425
837	0.4177810973	0.4942528736	0.1701149425
838	0.4177960842	0.4942528736	0.1701149425
839	0.4181792259	0.4942528736	0.1701149425
840	0.4181792259	0.4942528736	0.1701149425
841	0.4181792259	0.4942528736	0.1701149425
842	0.4178097678	0.4942528736	0.1689655172
843	0.4178097678	0.4942528736	0.1689655172
844	0.419086907	0.4942528736	0.1689655172
845	0.4190070858	0.4942528736	0.1689655172
846	0.4187037652	0.4942528736	0.1689655172
847	0.4187037652	0.4942528736	0.1689655172
848	0.4187037652	0.4942528736	0.1689655172
849	0.4244508917	0.5057471264	0.1689655172
850	0.4187037652	0.4942528736	0.1689655172
851	0.4187037652	0.4942528736	0.1689655172
852	0.4250927193	0.5057471264	0.1701149425
853	0.4250927193	0.5057471264	0.1701149425
854	0.4244508917	0.5057471264	0.1689655172
855	0.4244508917	0.5057471264	0.1689655172
856	0.4244508917	0.5057471264	0.1689655172
857	0.4244508917	0.5057471264	0.1689655172
858	0.4187940772	0.4942528736	0.1689655172
859	0.4197519316	0.4942528736	0.1689655172
860	0.4199058725	0.4942528736	0.1689655172
861	0.4211702403	0.4942528736	0.1701149425
862	0.4211702403	0.4942528736	0.1701149425
863	0.4211702403	0.4942528736	0.1701149425
864	0.4211702403	0.4942528736	0.1701149425
865	0.4211702403	0.4942528736	0.1701149425
866	0.4210822741	0.4942528736	0.1701149425
867	0.4211702403	0.4942528736	0.1701149425
868	0.4212842706	0.4942528736	0.1701149425
869	0.4270313971	0.5057471264	0.1701149425
870	0.4270313971	0.5057471264	0.1701149425
871	0.4281329296	0.5057471264	0.1701149425
872	0.4282734149	0.5057471264	0.1701149425
873	0.4292312693	0.5057471264	0.1701149425
874	0.4292312693	0.5057471264	0.1701149425
875	0.4292312693	0.5057471264	0.1701149425
876	0.4292312693	0.5057471264	0.1701149425
877	0.4296144111	0.5057471264	0.1701149425
878	0.4296144111	0.5057471264	0.1701149425
879	0.4297375638	0.5057471264	0.1701149425
880	0.4293544221	0.5057471264	0.1701149425
881	0.4292267081	0.5057471264	0.1701149425
882	0.4291172391	0.5057471264	0.1701149425
883	0.4292267081	0.5057471264	0.1701149425
884	0.4293544221	0.5057471264	0.1701149425
885	0.4344629789	0.5172413793	0.1701149425
886	0.4343750127	0.5172413793	0.1701149425
887	0.4339918709	0.5172413793	0.1701149425
888	0.4346089377	0.5172413793	0.1712643678
889	0.4341929552	0.5172413793	0.1701149425
890	0.4343024242	0.5172413793	0.1701149425
891	0.4351197933	0.5172413793	0.1712643678
892	0.4344301382	0.5172413793	0.1701149425
893	0.4344301382	0.5172413793	0.1701149425
894	0.4343206691	0.5172413793	0.1701149425
895	0.4349282225	0.5172413793	0.1712643678
896	0.4347047231	0.5172413793	0.1712643678
897	0.434207551	0.5172413793	0.1701149425
898	0.4345906928	0.5172413793	0.1701149425
899	0.435867832	0.5172413793	0.1701149425
900	0.4359499338	0.5172413793	0.1701149425
901	0.4359499338	0.5172413793	0.1701149425
902	0.4352785235	0.5172413793	0.1689655172
903	0.4354016762	0.5172413793	0.1689655172
904	0.4354016762	0.5172413793	0.1689655172
905	0.4354016762	0.5172413793	0.1689655172
906	0.4354016762	0.5172413793	0.1689655172
907	0.4358117943	0.5172413793	0.1689655172
908	0.4363591397	0.5172413793	0.1689655172
909	0.4363591397	0.5172413793	0.1689655172
910	0.4363591397	0.5172413793	0.1689655172
911	0.4373616939	0.5172413793	0.1689655172
912	0.4373616939	0.5172413793	0.1689655172
913	0.4373616939	0.5172413793	0.1689655172
914	0.4375213363	0.5172413793	0.1689655172
915	0.4380641205	0.5172413793	0.1701149425
916	0.4379044781	0.5172413793	0.1701149425
917	0.4377972245	0.5172413793	0.1701149425
918	0.4376375821	0.5172413793	0.1701149425
919	0.4376375821	0.5172413793	0.1701149425
920	0.4380389687	0.5172413793	0.1701149425
921	0.4378793263	0.5172413793	0.1701149425
922	0.4380389687	0.5172413793	0.1701149425
923	0.4382442232	0.5172413793	0.1701149425
924	0.439508591	0.5172413793	0.1712643678
925	0.4388189358	0.5172413793	0.1701149425
926	0.4393854383	0.5172413793	0.1712643678
927	0.4395496419	0.5172413793	0.1712643678
928	0.4395496419	0.5172413793	0.1712643678
929	0.4395496419	0.5172413793	0.1712643678
930	0.440046814	0.5172413793	0.1712643678
931	0.4398178411	0.5172413793	0.1712643678
932	0.4394529442	0.5172413793	0.1712643678
933	0.441368653	0.5172413793	0.1712643678
934	0.4429331486	0.5172413793	0.1712643678
935	0.4429331486	0.5172413793	0.1712643678
936	0.4430152504	0.5172413793	0.1712643678
937	0.4430152504	0.5172413793	0.1712643678
938	0.4431301929	0.5172413793	0.1712643678
939	0.4431301929	0.5172413793	0.1712643678
940	0.4437049055	0.5172413793	0.1712643678
941	0.4446979464	0.5172413793	0.1712643678
942	0.4448575888	0.5172413793	0.1712643678
943	0.4446979464	0.5172413793	0.1712643678
944	0.4448575888	0.5172413793	0.1712643678
945	0.4454459851	0.5172413793	0.1712643678
946	0.4454459851	0.5172413793	0.1712643678
947	0.4454459851	0.5172413793	0.1712643678
948	0.4460845547	0.5172413793	0.1712643678
949	0.4461725209	0.5172413793	0.1712643678
950	0.4460926997	0.5172413793	0.1712643678
951	0.4460926997	0.5172413793	0.1712643678
952	0.4460926997	0.5172413793	0.1712643678
953	0.4463116379	0.5172413793	0.1712643678
954	0.4458509555	0.5172413793	0.1712643678
955	0.4459421798	0.5172413793	0.1712643678
956	0.446022001	0.5172413793	0.1712643678
957	0.4461497149	0.5172413793	0.1712643678
958	0.446022001	0.5172413793	0.1712643678
959	0.4461497149	0.5172413793	0.1712643678
960	0.4463549694	0.5172413793	0.1712643678
961	0.4462272555	0.5172413793	0.1712643678
962	0.4463093573	0.5172413793	0.1712643678
963	0.4462272555	0.5172413793	0.1712643678
964	0.4462272555	0.5172413793	0.1712643678
965	0.4462272555	0.5172413793	0.1712643678
966	0.4463093573	0.5172413793	0.1712643678
967	0.4465465403	0.5172413793	0.1712643678
968	0.446820213	0.5172413793	0.1712643678
969	0.446820213	0.5172413793	0.1712643678
970	0.4469479269	0.5172413793	0.1712643678
971	0.4469479269	0.5172413793	0.1712643678
972	0.4469479269	0.5172413793	0.1712643678
973	0.4471394978	0.5172413793	0.1712643678
974	0.4469479269	0.5172413793	0.1712643678
975	0.4470277481	0.5172413793	0.1712643678
976	0.4469000342	0.5172413793	0.1712643678
977	0.4471873905	0.5172413793	0.1712643678
978	0.4488955642	0.5172413793	0.1712643678
979	0.4487860951	0.5172413793	0.1712643678
980	0.4487860951	0.5172413793	0.1712643678
981	0.4494223841	0.5172413793	0.1712643678
982	0.4494223841	0.5172413793	0.1712643678
983	0.4494223841	0.5172413793	0.1712643678
984	0.4498534186	0.5172413793	0.1712643678
985	0.4500449895	0.5172413793	0.1712643678
986	0.4500449895	0.5172413793	0.1712643678
987	0.4500449895	0.5172413793	0.1712643678
988	0.4501727034	0.5172413793	0.1712643678
989	0.4501727034	0.5172413793	0.1712643678
990	0.4501727034	0.5172413793	0.1712643678
991	0.4501727034	0.5172413793	0.1712643678
992	0.4501727034	0.5172413793	0.1712643678
993	0.4501727034	0.5172413793	0.1712643678
994	0.4494830482	0.5172413793	0.1701149425
995	0.4526758962	0.5172413793	0.1701149425
996	0.451398757	0.5172413793	0.1701149425
997	0.4494830482	0.5172413793	0.1701149425
998	0.451398757	0.5172413793	0.1701149425
999	0.4512710431	0.5172413793	0.1701149425
1000	0.4512710431	0.5172413793	0.1701149425
1001	0.4512710431	0.5172413793	0.1701149425
1002	0.4525481823	0.5172413793	0.1712643678
1003	0.4526758962	0.5172413793	0.1712643678
1004	0.4523566114	0.5172413793	0.1712643678
1005	0.4527876459	0.5172413793	0.1712643678
1006	0.4527876459	0.5172413793	0.1712643678
1007	0.4526736156	0.5172413793	0.1712643678
1008	0.4526736156	0.5172413793	0.1712643678
1009	0.4535037561	0.5287356322	0.1712643678
1010	0.4535037561	0.5287356322	0.1712643678
1011	0.45363147	0.5287356322	0.1712643678
1012	0.453759184	0.5287356322	0.1712643678
1013	0.453759184	0.5287356322	0.1712643678
1014	0.453759184	0.5287356322	0.1712643678
1015	0.4540328567	0.5287356322	0.1712643678
1016	0.4540328567	0.5287356322	0.1712643678
1017	0.4548949256	0.5287356322	0.1724137931
1018	0.4554568669	0.5287356322	0.1735632184
1019	0.4554568669	0.5287356322	0.1735632184
1020	0.4544990125	0.5172413793	0.1735632184
1021	0.4544990125	0.5172413793	0.1735632184
1022	0.4546905833	0.5172413793	0.1735632184
1023	0.4557761517	0.5172413793	0.1735632184
1024	0.4558719371	0.5287356322	0.1724137931
1025	0.4549140827	0.5172413793	0.1724137931
1026	0.4559677226	0.5172413793	0.1735632184
1027	0.456063508	0.5172413793	0.1735632184
1028	0.4571490763	0.5287356322	0.1735632184
1029	0.4571490763	0.5287356322	0.1735632184
1030	0.4571490763	0.5287356322	0.1735632184
1031	0.4571490763	0.5287356322	0.1735632184
1032	0.4571490763	0.5287356322	0.1735632184
1033	0.4573543308	0.5287356322	0.1735632184
1034	0.4631014573	0.5402298851	0.1735632184
1035	0.457599333	0.5287356322	0.1735632184
1036	0.4578547609	0.5287356322	0.1735632184
1037	0.4578547609	0.5287356322	0.1735632184
1038	0.4578547609	0.5287356322	0.1735632184
1039	0.4578547609	0.5287356322	0.1735632184
1040	0.4578547609	0.5287356322	0.1735632184
1041	0.4585115753	0.5287356322	0.1735632184
1042	0.4585115753	0.5287356322	0.1735632184
1043	0.4581284336	0.5287356322	0.1735632184
1044	0.4582481654	0.5287356322	0.1735632184
1045	0.4585355217	0.5287356322	0.1735632184
1046	0.4632689189	0.5402298851	0.1735632184
1047	0.4632689189	0.5402298851	0.1735632184
1048	0.4633886507	0.5402298851	0.1735632184
1049	0.4633886507	0.5402298851	0.1735632184
1050	0.4633886507	0.5402298851	0.1735632184
1051	0.4633886507	0.5402298851	0.1735632184
1052	0.4635482931	0.5402298851	0.1735632184
1053	0.4645061475	0.5402298851	0.1735632184
1054	0.4645061475	0.5402298851	0.1735632184
1055	0.4645061475	0.5402298851	0.1735632184
1056	0.4637535476	0.5402298851	0.1735632184
1057	0.4637535476	0.5402298851	0.1735632184
1058	0.464711402	0.5402298851	0.1735632184
1059	0.4638777139	0.5402298851	0.1735632184
1060	0.4638777139	0.5402298851	0.1735632184
1061	0.4648355683	0.5402298851	0.1735632184
1062	0.4648355683	0.5402298851	0.1735632184
1063	0.4667512771	0.5402298851	0.1735632184
1064	0.4665916347	0.5402298851	0.1735632184
1065	0.4646759259	0.5402298851	0.1735632184
1066	0.4659530651	0.5402298851	0.1735632184
1067	0.4685974275	0.5402298851	0.1735632184
1068	0.4680227148	0.5402298851	0.1735632184
1069	0.4680227148	0.5402298851	0.1735632184
1070	0.4691721401	0.5517241379	0.1735632184
1071	0.4701299945	0.5517241379	0.1735632184
1072	0.4701299945	0.5517241379	0.1735632184
1073	0.4695552819	0.5517241379	0.1735632184
1074	0.4695552819	0.5517241379	0.1735632184
1075	0.4690079365	0.5517241379	0.1735632184
1076	0.4690079365	0.5517241379	0.1735632184
1077	0.4695826492	0.5517241379	0.1735632184
1078	0.4690079365	0.5517241379	0.1735632184
1079	0.4747550629	0.5632183908	0.1735632184
1080	0.4757630907	0.5632183908	0.1735632184
1081	0.4763378033	0.5632183908	0.1735632184
1082	0.4763378033	0.5632183908	0.1735632184
1083	0.4763378033	0.5632183908	0.1735632184
1084	0.4763378033	0.5632183908	0.1735632184
1085	0.4763378033	0.5632183908	0.1735632184
1086	0.4757357234	0.5517241379	0.1735632184
1087	0.4757357234	0.5517241379	0.1735632184
1088	0.475899927	0.5517241379	0.1735632184
1089	0.475899927	0.5517241379	0.1735632184
1090	0.4764472724	0.5517241379	0.1735632184
1091	0.4775966977	0.5632183908	0.1735632184
1092	0.4777563401	0.5632183908	0.1735632184
1093	0.4777563401	0.5632183908	0.1735632184
1094	0.4772089947	0.5632183908	0.1735632184
1095	0.4774142492	0.5632183908	0.1735632184
1096	0.4774142492	0.5632183908	0.1735632184
1097	0.4774142492	0.5632183908	0.1735632184
1098	0.4768395366	0.5632183908	0.1735632184
1099	0.4768395366	0.5632183908	0.1735632184
1100	0.4774986316	0.5632183908	0.1735632184
1101	0.4774110564	0.5632183908	0.1735632184
1102	0.4774110564	0.5632183908	0.1735632184
1103	0.4783689108	0.5632183908	0.1747126437
1104	0.4791488779	0.5632183908	0.1747126437
1105	0.4789436234	0.5632183908	0.1747126437
1106	0.4789436234	0.5632183908	0.1747126437
1107	0.4799014778	0.5632183908	0.1747126437
1108	0.4787520525	0.5517241379	0.1747126437
1109	0.4798695494	0.5517241379	0.1747126437
1110	0.4798695494	0.5517241379	0.1747126437
1111	0.4817852582	0.5517241379	0.1747126437
1112	0.4809560299	0.5517241379	0.1747126437
1113	0.4817314359	0.5517241379	0.1747126437
1114	0.4817314359	0.5517241379	0.1747126437
1115	0.4819138843	0.5517241379	0.1747126437
1116	0.4806586389	0.5517241379	0.1747126437
1117	0.4807544244	0.5517241379	0.1747126437
1118	0.4819038497	0.5632183908	0.1747126437
1119	0.4819038497	0.5632183908	0.1747126437
1120	0.4819905127	0.5632183908	0.1747126437
1121	0.4808410874	0.5517241379	0.1747126437
1122	0.4814158	0.5517241379	0.1747126437
1123	0.4829346835	0.5517241379	0.175862069
1124	0.4832676519	0.5517241379	0.175862069
1125	0.4842255063	0.5517241379	0.175862069
1126	0.4832676519	0.5517241379	0.175862069
1127	0.4843212917	0.5517241379	0.175862069
1128	0.4866627136	0.5517241379	0.175862069
1129	0.4866627136	0.5517241379	0.175862069
1130	0.4847470048	0.5517241379	0.175862069
1131	0.4847470048	0.5517241379	0.175862069
1132	0.4838423645	0.5517241379	0.175862069
1133	0.4835914979	0.5517241379	0.175862069
1134	0.4874229155	0.5517241379	0.175862069
1135	0.4841525269	0.5517241379	0.1747126437
1136	0.4856349206	0.5517241379	0.1747126437
1137	0.484886882	0.5517241379	0.1747126437
1138	0.484886882	0.5517241379	0.1747126437
1139	0.4852700237	0.5517241379	0.1747126437
1140	0.4852700237	0.5517241379	0.1747126437
1141	0.4884948002	0.5517241379	0.175862069
1142	0.4889258347	0.5517241379	0.175862069
1143	0.4897058019	0.5517241379	0.175862069
1144	0.4897058019	0.5517241379	0.175862069
1145	0.4897058019	0.5517241379	0.175862069
1146	0.4897058019	0.5517241379	0.175862069
1147	0.4897058019	0.5517241379	0.175862069
1148	0.4897058019	0.5517241379	0.175862069
1149	0.4897058019	0.5517241379	0.175862069
1150	0.4897058019	0.5517241379	0.175862069
1151	0.4897058019	0.5517241379	0.175862069
1152	0.4897058019	0.5517241379	0.175862069
1153	0.4896100164	0.5517241379	0.175862069
1154	0.4896100164	0.5517241379	0.175862069
1155	0.4907594417	0.5632183908	0.175862069
1156	0.4907594417	0.5632183908	0.175862069
1157	0.4907594417	0.5632183908	0.175862069
1158	0.4907594417	0.5632183908	0.175862069
1159	0.4907594417	0.5632183908	0.175862069
1160	0.4903284072	0.5632183908	0.175862069
1161	0.4891789819	0.5517241379	0.175862069
1162	0.4892747674	0.5517241379	0.175862069
1163	0.4892747674	0.5517241379	0.175862069
1164	0.4892747674	0.5517241379	0.175862069
1165	0.4892747674	0.5517241379	0.175862069
1166	0.4891789819	0.5517241379	0.175862069
1167	0.4894854953	0.5517241379	0.175862069
1168	0.4894854953	0.5517241379	0.175862069
1169	0.4899165298	0.5517241379	0.175862069
1170	0.4901902025	0.5517241379	0.175862069
1171	0.4901902025	0.5517241379	0.175862069
1172	0.4909085933	0.5517241379	0.175862069
1173	0.4909085933	0.5517241379	0.175862069
1174	0.4909085933	0.5517241379	0.175862069
1175	0.490794563	0.5517241379	0.175862069
1176	0.490794563	0.5517241379	0.175862069
1177	0.4913692757	0.5517241379	0.175862069
1178	0.4911777048	0.5517241379	0.175862069
1179	0.4919485495	0.5517241379	0.175862069
1180	0.4919485495	0.5517241379	0.175862069
1181	0.4919485495	0.5517241379	0.175862069
1182	0.4919485495	0.5517241379	0.175862069
1183	0.4915654078	0.5517241379	0.175862069
1184	0.4915654078	0.5517241379	0.175862069
1185	0.4915654078	0.5517241379	0.175862069
1186	0.4916931217	0.5517241379	0.175862069
1187	0.4922678343	0.5517241379	0.175862069
1188	0.4934172596	0.5632183908	0.175862069
1189	0.4941356504	0.5632183908	0.175862069
1190	0.4941356504	0.5632183908	0.175862069
1191	0.4932895457	0.5632183908	0.175862069
1192	0.4929383324	0.5632183908	0.175862069
1193	0.4929383324	0.5632183908	0.175862069
1194	0.4931435869	0.5632183908	0.175862069
1195	0.4932234081	0.5632183908	0.175862069
1196	0.4948613392	0.5632183908	0.1770114943
1197	0.4948613392	0.5632183908	0.1770114943
1198	0.494781518	0.5632183908	0.1770114943
1199	0.4941429484	0.5632183908	0.1770114943
1200	0.4941429484	0.5632183908	0.1770114943
1201	0.4940631272	0.5632183908	0.1770114943
1202	0.4948773034	0.5632183908	0.1770114943
1203	0.494781518	0.5632183908	0.1770114943
1204	0.4948773034	0.5632183908	0.1770114943
1205	0.4948773034	0.5632183908	0.1770114943
1206	0.4948773034	0.5632183908	0.1770114943
1207	0.494781518	0.5632183908	0.1770114943
1208	0.494781518	0.5632183908	0.1770114943
1209	0.4948773034	0.5632183908	0.1770114943
1210	0.4948773034	0.5632183908	0.1770114943
1211	0.5005286444	0.5747126437	0.1770114943
1212	0.5009884145	0.5747126437	0.1770114943
1213	0.5010842	0.5747126437	0.1770114943
1214	0.5010842	0.5747126437	0.1770114943
1215	0.5010796388	0.5747126437	0.1770114943
1216	0.5010796388	0.5747126437	0.1770114943
1217	0.5010796388	0.5747126437	0.1770114943
1218	0.5010796388	0.5747126437	0.1770114943
1219	0.5010796388	0.5747126437	0.1770114943
1220	0.5010796388	0.5747126437	0.1770114943
1221	0.5011754242	0.5747126437	0.1770114943
1222	0.5011754242	0.5747126437	0.1770114943
1223	0.5010796388	0.5747126437	0.1770114943
1224	0.5012328955	0.5747126437	0.1770114943
1225	0.5012328955	0.5747126437	0.1770114943
1226	0.5012328955	0.5747126437	0.1770114943
1227	0.5016160372	0.5747126437	0.1770114943
1228	0.5013606094	0.5747126437	0.1770114943
1229	0.5013606094	0.5747126437	0.1770114943
1230	0.5013606094	0.5747126437	0.1770114943
1231	0.4958871556	0.5632183908	0.1770114943
1232	0.5016342821	0.5747126437	0.1770114943
1233	0.4958871556	0.5632183908	0.1770114943
1234	0.4958871556	0.5632183908	0.1770114943
1235	0.4956134829	0.5632183908	0.1770114943
1236	0.4956134829	0.5632183908	0.1770114943
1237	0.495843368	0.5632183908	0.1770114943
1238	0.5015904944	0.5747126437	0.1770114943
1239	0.5015904944	0.5747126437	0.1770114943
1240	0.5018641671	0.5747126437	0.1770114943
1241	0.5018641671	0.5747126437	0.1770114943
1242	0.5022473089	0.5747126437	0.1770114943
1243	0.5022473089	0.5747126437	0.1770114943
1244	0.5024480022	0.5747126437	0.1770114943
1245	0.5024480022	0.5747126437	0.1770114943
1246	0.5026304506	0.5747126437	0.1770114943
1247	0.5024480022	0.5747126437	0.1770114943
1248	0.5024480022	0.5747126437	0.1770114943
1249	0.5020648604	0.5747126437	0.1770114943
1250	0.5020648604	0.5747126437	0.1770114943
1251	0.5022473089	0.5747126437	0.1770114943
1252	0.5022473089	0.5747126437	0.1770114943
1253	0.5022473089	0.5747126437	0.1770114943
1254	0.5029656997	0.5747126437	0.1770114943
1255	0.5029656997	0.5747126437	0.1770114943
1256	0.5022473089	0.5747126437	0.1770114943
1257	0.5022473089	0.5747126437	0.1770114943
1258	0.5022473089	0.5747126437	0.1770114943
1259	0.5022473089	0.5747126437	0.1770114943
1260	0.5022473089	0.5747126437	0.1770114943
1261	0.5024069513	0.5747126437	0.1770114943
1262	0.5024069513	0.5747126437	0.1770114943
1263	0.5024069513	0.5747126437	0.1770114943
1264	0.5024069513	0.5747126437	0.1770114943
1265	0.5024069513	0.5747126437	0.1770114943
1266	0.5031253421	0.5747126437	0.1770114943
1267	0.5031253421	0.5747126437	0.1770114943
1268	0.5031253421	0.5747126437	0.1770114943
1269	0.5035084839	0.5747126437	0.1770114943
1270	0.5040831965	0.5747126437	0.1770114943
1271	0.5035084839	0.5747126437	0.1770114943
1272	0.5035084839	0.5747126437	0.1770114943
1273	0.5035084839	0.5747126437	0.1770114943
1274	0.5040831965	0.5747126437	0.1770114943
1275	0.5040831965	0.5747126437	0.1770114943
1276	0.5035084839	0.5747126437	0.1770114943
1277	0.5035084839	0.5747126437	0.1770114943
1278	0.5035084839	0.5747126437	0.1770114943
1279	0.5035084839	0.5747126437	0.1770114943
1280	0.5035084839	0.5747126437	0.1770114943
1281	0.5035084839	0.5747126437	0.1770114943
1282	0.5031253421	0.5747126437	0.1770114943
1283	0.5035084839	0.5747126437	0.1770114943
1284	0.5035084839	0.5747126437	0.1770114943
1285	0.5035084839	0.5747126437	0.1770114943
1286	0.503727422	0.5747126437	0.1770114943
1287	0.503727422	0.5747126437	0.1770114943
1288	0.503727422	0.5747126437	0.1770114943
1289	0.503727422	0.5747126437	0.1770114943
1290	0.5036133917	0.5747126437	0.1770114943
1291	0.5043021346	0.5747126437	0.1770114943
1292	0.5043021346	0.5747126437	0.1770114943
1293	0.5043021346	0.5747126437	0.1770114943
1294	0.5043021346	0.5747126437	0.1770114943
1295	0.5047126437	0.5747126437	0.1770114943
1296	0.5047126437	0.5747126437	0.1770114943
1297	0.5047126437	0.5747126437	0.1770114943
1298	0.5047126437	0.5747126437	0.1770114943
1299	0.505862069	0.5747126437	0.1781609195
1300	0.505862069	0.5747126437	0.1781609195
1301	0.5060673235	0.5747126437	0.1781609195
1302	0.5060673235	0.5747126437	0.1781609195
1303	0.5060673235	0.5747126437	0.1781609195
1304	0.5060673235	0.5747126437	0.1781609195
1305	0.5062315271	0.5747126437	0.1781609195
1306	0.5062315271	0.5747126437	0.1781609195
1307	0.5062315271	0.5747126437	0.1781609195
1308	0.5063113483	0.5747126437	0.1781609195
1309	0.5063113483	0.5747126437	0.1781609195
1310	0.5065576537	0.5747126437	0.1781609195
1311	0.5065576537	0.5747126437	0.1781609195
1312	0.5082977559	0.5747126437	0.1793103448
1313	0.5082977559	0.5747126437	0.1793103448
1314	0.5082977559	0.5747126437	0.1793103448
1315	0.5082977559	0.5747126437	0.1793103448
1316	0.5084254698	0.5747126437	0.1793103448
1317	0.5083844189	0.5747126437	0.1793103448
1318	0.5084756431	0.5747126437	0.1793103448
1319	0.5083160007	0.5747126437	0.1793103448
1320	0.5083160007	0.5747126437	0.1793103448
1321	0.5083958219	0.5747126437	0.1793103448
1322	0.5083958219	0.5747126437	0.1793103448
1323	0.508268108	0.5747126437	0.1793103448
1324	0.508268108	0.5747126437	0.1793103448
1325	0.508268108	0.5747126437	0.1793103448
1326	0.5083479292	0.5747126437	0.1793103448
1327	0.5079374202	0.5747126437	0.1793103448
1328	0.5079374202	0.5747126437	0.1793103448
1329	0.5078461959	0.5747126437	0.1793103448
1330	0.508256705	0.5747126437	0.1793103448
1331	0.508256705	0.5747126437	0.1793103448
1332	0.508256705	0.5747126437	0.1793103448
1333	0.508256705	0.5747126437	0.1793103448
1334	0.508256705	0.5747126437	0.1793103448
1335	0.508256705	0.5747126437	0.1793103448
1336	0.5081768838	0.5747126437	0.1793103448
1337	0.5081768838	0.5747126437	0.1793103448
1338	0.5076021711	0.5747126437	0.1793103448
1339	0.5076021711	0.5747126437	0.1793103448
1340	0.5079214559	0.5747126437	0.1793103448
1341	0.5085144134	0.5747126437	0.1793103448
1342	0.5085144134	0.5747126437	0.1793103448
1343	0.5085144134	0.5747126437	0.1793103448
1344	0.5091689473	0.5747126437	0.1793103448
1345	0.5087219485	0.5747126437	0.1793103448
1346	0.5087219485	0.5747126437	0.1793103448
1347	0.5087219485	0.5747126437	0.1793103448
1348	0.5085942346	0.5747126437	0.1793103448
1349	0.5087219485	0.5747126437	0.1793103448
1350	0.5082110929	0.5747126437	0.1793103448
1351	0.5085686918	0.5747126437	0.1793103448
1352	0.5089518336	0.5747126437	0.1793103448
1353	0.5095265463	0.5747126437	0.1793103448
1354	0.5103475643	0.5747126437	0.1804597701
1355	0.5104648526	0.5747126437	0.1804597701
1356	0.5103371387	0.5747126437	0.1804597701
1357	0.5101729351	0.5747126437	0.1804597701
1358	0.5101729351	0.5747126437	0.1804597701
1359	0.5111171058	0.5747126437	0.1804597701
1360	0.5109529022	0.5747126437	0.1804597701
1361	0.510861678	0.5747126437	0.1804597701
1362	0.5118468997	0.5747126437	0.1816091954
1363	0.5109893919	0.5747126437	0.1804597701
1364	0.5109893919	0.5747126437	0.1804597701
1365	0.5109893919	0.5747126437	0.1804597701
1366	0.5109893919	0.5747126437	0.1804597701
1367	0.5109893919	0.5747126437	0.1804597701
1368	0.5109893919	0.5747126437	0.1804597701
1369	0.5104146793	0.5747126437	0.1804597701
1370	0.5109893919	0.5747126437	0.1804597701
1371	0.5109638491	0.5747126437	0.1804597701
1372	0.5109638491	0.5747126437	0.1804597701
1373	0.5123687023	0.5747126437	0.1816091954
1374	0.5114108479	0.5747126437	0.1816091954
1375	0.5114108479	0.5747126437	0.1816091954
1376	0.5114108479	0.5747126437	0.1816091954
1377	0.5112922564	0.5747126437	0.1816091954
1378	0.511866969	0.5747126437	0.1816091954
1379	0.5125985873	0.5747126437	0.1816091954
1380	0.5125985873	0.5747126437	0.1816091954
1381	0.5124708734	0.5747126437	0.1816091954
1382	0.5124708734	0.5747126437	0.1816091954
1383	0.5120877316	0.5747126437	0.1804597701
1384	0.5120877316	0.5747126437	0.1804597701
1385	0.5120877316	0.5747126437	0.1804597701
1386	0.5120877316	0.5747126437	0.1804597701
1387	0.5120877316	0.5747126437	0.1804597701
1388	0.5120877316	0.5747126437	0.1804597701
1389	0.5120877316	0.5747126437	0.1804597701
1390	0.5120877316	0.5747126437	0.1804597701
1391	0.5124708734	0.5747126437	0.1804597701
1392	0.5124708734	0.5747126437	0.1804597701
1393	0.5124708734	0.5747126437	0.1804597701
1394	0.5136202987	0.5747126437	0.1816091954
1395	0.5143099539	0.5747126437	0.1827586207
1396	0.5147824954	0.5747126437	0.1827586207
1397	0.5149102093	0.5747126437	0.1827586207
1398	0.5149102093	0.5747126437	0.1827586207
1399	0.5149102093	0.5747126437	0.1827586207
1400	0.5149102093	0.5747126437	0.1827586207
1401	0.5149102093	0.5747126437	0.1827586207
1402	0.5147049548	0.5747126437	0.1827586207
1403	0.5147049548	0.5747126437	0.1827586207
1404	0.5149102093	0.5747126437	0.1827586207
1405	0.5150379232	0.5747126437	0.1827586207
1406	0.5150379232	0.5747126437	0.1827586207
1407	0.5150379232	0.5747126437	0.1827586207
1408	0.5146930956	0.5747126437	0.1827586207
1409	0.5146930956	0.5747126437	0.1827586207
1410	0.5146930956	0.5747126437	0.1827586207
1411	0.51565095	0.5747126437	0.1827586207
1412	0.5159957776	0.5747126437	0.1827586207
1413	0.5159159564	0.5747126437	0.1827586207
1414	0.5159159564	0.5747126437	0.1827586207
1415	0.5159159564	0.5747126437	0.1827586207
1416	0.5159159564	0.5747126437	0.1827586207
1417	0.5159159564	0.5747126437	0.1827586207
1418	0.5159159564	0.5747126437	0.1827586207
1419	0.5159159564	0.5747126437	0.1827586207
1420	0.5159159564	0.5747126437	0.1827586207
1421	0.5168354967	0.5747126437	0.183908046
1422	0.5168354967	0.5747126437	0.183908046
1423	0.5168354967	0.5747126437	0.183908046
1424	0.5169153179	0.5747126437	0.183908046
1425	0.5169153179	0.5747126437	0.183908046
1426	0.5169153179	0.5747126437	0.183908046
1427	0.5168354967	0.5747126437	0.183908046
1428	0.5168354967	0.5747126437	0.183908046
1429	0.5169153179	0.5747126437	0.183908046
1430	0.5160942998	0.5747126437	0.1827586207
1431	0.5171205724	0.5747126437	0.183908046
1432	0.5171205724	0.5747126437	0.183908046
1433	0.5174958949	0.5747126437	0.183908046
1434	0.5174958949	0.5747126437	0.183908046
1435	0.5174958949	0.5747126437	0.183908046
1436	0.5174958949	0.5747126437	0.183908046
1437	0.5174958949	0.5747126437	0.183908046
1438	0.5164965335	0.5747126437	0.1827586207
1439	0.5164965335	0.5747126437	0.1827586207
1440	0.5174160737	0.5747126437	0.183908046
1441	0.5174958949	0.5747126437	0.183908046
1442	0.5174958949	0.5747126437	0.183908046
1443	0.5174958949	0.5747126437	0.183908046
1444	0.5174958949	0.5747126437	0.183908046
1445	0.5172906404	0.5747126437	0.183908046
1446	0.5172906404	0.5747126437	0.183908046
1447	0.5174183543	0.5747126437	0.183908046
1448	0.5174183543	0.5747126437	0.183908046
1449	0.5172108192	0.5747126437	0.183908046
1450	0.5172108192	0.5747126437	0.183908046
1451	0.5172108192	0.5747126437	0.183908046
1452	0.5172108192	0.5747126437	0.183908046
1453	0.5169632106	0.5747126437	0.183908046
1454	0.5169632106	0.5747126437	0.183908046
1455	0.5169632106	0.5747126437	0.183908046
1456	0.5173385331	0.5747126437	0.183908046
1457	0.5173385331	0.5747126437	0.183908046
1458	0.5173385331	0.5747126437	0.183908046
1459	0.5174407043	0.5747126437	0.183908046
1460	0.5174407043	0.5747126437	0.183908046
1461	0.5174407043	0.5747126437	0.183908046
1462	0.5174407043	0.5747126437	0.183908046
1463	0.5187497719	0.5747126437	0.1850574713
1464	0.5182548805	0.5747126437	0.183908046
1465	0.519021164	0.5747126437	0.1850574713
1466	0.5192264185	0.5747126437	0.1850574713
1467	0.519021164	0.5747126437	0.1850574713
1468	0.519021164	0.5747126437	0.1850574713
1469	0.519021164	0.5747126437	0.1850574713
1470	0.519021164	0.5747126437	0.1850574713
1471	0.5200246305	0.5747126437	0.1850574713
1472	0.5200246305	0.5747126437	0.1850574713
1473	0.5200246305	0.5747126437	0.1850574713
1474	0.5200246305	0.5747126437	0.1850574713
1475	0.5205993432	0.5747126437	0.1850574713
1476	0.5203940887	0.5747126437	0.1850574713
1477	0.5199790184	0.5747126437	0.1850574713
1478	0.5188295931	0.5747126437	0.183908046
1479	0.5194043058	0.5747126437	0.183908046
1480	0.5205537311	0.5747126437	0.1850574713
1481	0.5199790184	0.5747126437	0.1850574713
1482	0.5199790184	0.5747126437	0.1850574713
1483	0.5207589856	0.5747126437	0.1850574713
1484	0.5203484766	0.5747126437	0.1850574713
1485	0.5191990513	0.5747126437	0.183908046
1486	0.5203484766	0.5747126437	0.1850574713
1487	0.5214979018	0.5862068966	0.1850574713
1488	0.5221547163	0.5862068966	0.1850574713
1489	0.5227294289	0.5862068966	0.1850574713
1490	0.5233041416	0.5862068966	0.1850574713
1491	0.5233041416	0.5862068966	0.1850574713
1492	0.5233041416	0.5862068966	0.1850574713
1493	0.5233041416	0.5862068966	0.1850574713
1494	0.5238788542	0.5862068966	0.1862068966
1495	0.5234957125	0.5862068966	0.1862068966
1496	0.5234957125	0.5862068966	0.1862068966
1497	0.5223462872	0.5862068966	0.1850574713
1498	0.5234957125	0.5862068966	0.1862068966
1499	0.5238788542	0.5862068966	0.1862068966
1500	0.5238788542	0.5862068966	0.1862068966
1501	0.5227294289	0.5862068966	0.1850574713
1502	0.5227294289	0.5862068966	0.1850574713
1503	0.5225697865	0.5862068966	0.1850574713
1504	0.5225697865	0.5862068966	0.1850574713
1505	0.5225697865	0.5862068966	0.1850574713
1506	0.5225697865	0.5862068966	0.1850574713
1507	0.5225697865	0.5862068966	0.1850574713
1508	0.5228890713	0.5862068966	0.1850574713
1509	0.5228890713	0.5862068966	0.1850574713
1510	0.5228890713	0.5862068966	0.1850574713
1511	0.5228890713	0.5862068966	0.1850574713
1512	0.5238469257	0.5862068966	0.1850574713
1513	0.5244216384	0.5862068966	0.1850574713
1514	0.523463784	0.5862068966	0.1850574713
1515	0.523463784	0.5862068966	0.1850574713
1516	0.5237192118	0.5862068966	0.1850574713
1517	0.5237958402	0.5862068966	0.1850574713
1518	0.5237958402	0.5862068966	0.1850574713
1519	0.5226815362	0.5862068966	0.1850574713
1520	0.5236393906	0.5862068966	0.1850574713
1521	0.5237671045	0.5862068966	0.1850574713
1522	0.5237671045	0.5862068966	0.1850574713
1523	0.5237671045	0.5862068966	0.1850574713
1524	0.5236649334	0.5862068966	0.1850574713
1525	0.524239646	0.5862068966	0.1850574713
1526	0.5243194673	0.5862068966	0.1850574713
1527	0.5236649334	0.5862068966	0.1850574713
1528	0.524239646	0.5862068966	0.1850574713
1529	0.524239646	0.5862068966	0.1850574713
1530	0.524239646	0.5862068966	0.1850574713
1531	0.524239646	0.5862068966	0.1850574713
1532	0.5243992885	0.5862068966	0.1850574713
1533	0.5243992885	0.5862068966	0.1850574713
1534	0.5238245758	0.5862068966	0.1850574713
1535	0.5238245758	0.5862068966	0.1850574713
1536	0.5238245758	0.5862068966	0.1850574713
1537	0.5243992885	0.5862068966	0.1850574713
1538	0.524604543	0.5862068966	0.1850574713
1539	0.524604543	0.5862068966	0.1850574713
1540	0.524604543	0.5862068966	0.1850574713
1541	0.524604543	0.5862068966	0.1850574713
1542	0.5240298303	0.5862068966	0.1850574713
1543	0.5240298303	0.5862068966	0.1850574713
1544	0.5240298303	0.5862068966	0.1850574713
1545	0.5240298303	0.5862068966	0.1850574713
1546	0.5252321657	0.5862068966	0.1850574713
1547	0.5251299945	0.5862068966	0.1850574713
1548	0.5254036672	0.5862068966	0.1850574713
1549	0.5254036672	0.5862068966	0.1850574713
1550	0.5252321657	0.5862068966	0.1850574713
1551	0.5252321657	0.5862068966	0.1850574713
1552	0.5252321657	0.5862068966	0.1850574713
1553	0.5255058384	0.5862068966	0.1850574713
1554	0.5256335523	0.5862068966	0.1850574713
1555	0.5256335523	0.5862068966	0.1850574713
1556	0.5256335523	0.5862068966	0.1850574713
1557	0.5256335523	0.5862068966	0.1850574713
1558	0.5253598796	0.5862068966	0.1850574713
1559	0.5253598796	0.5862068966	0.1850574713
1560	0.5253598796	0.5862068966	0.1850574713
1561	0.5253598796	0.5862068966	0.1850574713
1562	0.5253598796	0.5862068966	0.1850574713
1563	0.5254397008	0.5862068966	0.1850574713
1564	0.5257133735	0.5862068966	0.1850574713
1565	0.5257133735	0.5862068966	0.1850574713
1566	0.5260965152	0.5862068966	0.1850574713
1567	0.5260965152	0.5862068966	0.1850574713
1568	0.5260965152	0.5862068966	0.1850574713
1569	0.5260965152	0.5862068966	0.1850574713
1570	0.5254397008	0.5862068966	0.1850574713
1571	0.5251331874	0.5862068966	0.1850574713
1572	0.5254397008	0.5862068966	0.1850574713
1573	0.5257133735	0.5862068966	0.1850574713
1574	0.5257133735	0.5862068966	0.1850574713
1575	0.5260965152	0.5862068966	0.1850574713
1576	0.5272459405	0.5862068966	0.1862068966
1577	0.527902755	0.5862068966	0.1873563218
1578	0.527902755	0.5862068966	0.1873563218
1579	0.5285595694	0.5862068966	0.1873563218
1580	0.5285595694	0.5862068966	0.1873563218
1581	0.528399927	0.5862068966	0.1873563218
1582	0.5291662105	0.5862068966	0.1885057471
1583	0.5294284802	0.5862068966	0.1885057471
1584	0.5295051086	0.5862068966	0.1885057471
1585	0.5294024813	0.5862068966	0.1885057471
1586	0.5293454662	0.5862068966	0.1885057471
1587	0.5296519796	0.5862068966	0.1885057471
1588	0.5296519796	0.5862068966	0.1885057471
1589	0.5298435504	0.5862068966	0.1885057471
1590	0.5299201788	0.5862068966	0.1885057471
1591	0.5299201788	0.5862068966	0.1885057471
1592	0.5299201788	0.5862068966	0.1885057471
1593	0.5299201788	0.5862068966	0.1885057471
1594	0.5300798212	0.5862068966	0.1885057471
1595	0.5300798212	0.5862068966	0.1885057471
1596	0.5300798212	0.5862068966	0.1885057471
1597	0.5300159642	0.5862068966	0.1885057471
1598	0.5300798212	0.5862068966	0.1885057471
1599	0.5300798212	0.5862068966	0.1885057471
1600	0.5302394636	0.5862068966	0.1885057471
1601	0.5302394636	0.5862068966	0.1885057471
1602	0.5302394636	0.5862068966	0.1885057471
1603	0.5302850757	0.5862068966	0.1885057471
1604	0.5302850757	0.5862068966	0.1885057471
1605	0.5302850757	0.5862068966	0.1885057471
1606	0.5304127896	0.5862068966	0.1885057471
1607	0.5304127896	0.5862068966	0.1885057471
1608	0.5304127896	0.5862068966	0.1885057471
1609	0.5304127896	0.5862068966	0.1885057471
1610	0.5304127896	0.5862068966	0.1885057471
1611	0.530572432	0.5862068966	0.1885057471
1612	0.5315749863	0.5862068966	0.1885057471
1613	0.5314723591	0.5862068966	0.1885057471
1614	0.5310892173	0.5862068966	0.1885057471
1615	0.5310892173	0.5862068966	0.1885057471
1616	0.5316320015	0.5862068966	0.1885057471
1617	0.5316320015	0.5862068966	0.1885057471
1618	0.5316320015	0.5862068966	0.1885057471
1619	0.5316320015	0.5862068966	0.1885057471
1620	0.5316320015	0.5862068966	0.1885057471
1621	0.5317346287	0.5862068966	0.1885057471
1622	0.531351487	0.5862068966	0.1885057471
1623	0.531351487	0.5862068966	0.1885057471
1624	0.5320698778	0.5862068966	0.1885057471
1625	0.5324530195	0.5862068966	0.1885057471
1626	0.5320698778	0.5862068966	0.1885057471
1627	0.5320698778	0.5862068966	0.1885057471
1628	0.5320698778	0.5862068966	0.1885057471
1629	0.5319932494	0.5862068966	0.1885057471
1630	0.5319932494	0.5862068966	0.1885057471
1631	0.5324530195	0.5862068966	0.1885057471
1632	0.5319932494	0.5862068966	0.1885057471
1633	0.5319932494	0.5862068966	0.1885057471
1634	0.5319932494	0.5862068966	0.1885057471
1635	0.5321528918	0.5862068966	0.1885057471
1636	0.5321528918	0.5862068966	0.1885057471
1637	0.5321528918	0.5862068966	0.1885057471
1638	0.5321528918	0.5862068966	0.1885057471
1639	0.5321528918	0.5862068966	0.1885057471
1640	0.5321528918	0.5862068966	0.1885057471
1641	0.5321528918	0.5862068966	0.1885057471
1642	0.5321528918	0.5862068966	0.1885057471
1643	0.5321528918	0.5862068966	0.1885057471
1644	0.5323353403	0.5862068966	0.1885057471
1645	0.5323353403	0.5862068966	0.1885057471
1646	0.5323353403	0.5862068966	0.1885057471
1647	0.5323353403	0.5862068966	0.1885057471
1648	0.5323353403	0.5862068966	0.1885057471
1649	0.5323353403	0.5862068966	0.1885057471
1650	0.5321756979	0.5862068966	0.1885057471
1651	0.5321756979	0.5862068966	0.1885057471
1652	0.5321756979	0.5862068966	0.1885057471
1653	0.5321756979	0.5862068966	0.1885057471
1654	0.5321756979	0.5862068966	0.1885057471
1655	0.5324493706	0.5862068966	0.1885057471
1656	0.5326546251	0.5862068966	0.1885057471
1657	0.5326546251	0.5862068966	0.1885057471
1658	0.5326546251	0.5862068966	0.1885057471
1659	0.5328142675	0.5862068966	0.1885057471
1660	0.5336580916	0.5862068966	0.1885057471
1661	0.5334984492	0.5862068966	0.1885057471
1662	0.5337721219	0.5862068966	0.1885057471
1663	0.5340722496	0.5862068966	0.1885057471
1664	0.5340722496	0.5862068966	0.1885057471
1665	0.5340722496	0.5862068966	0.1885057471
1666	0.5338669951	0.5862068966	0.1885057471
1667	0.5343276774	0.5862068966	0.1885057471
1668	0.5339582193	0.5862068966	0.1885057471
1669	0.5337529648	0.5862068966	0.1885057471
1670	0.5345329319	0.5862068966	0.1885057471
1671	0.5345329319	0.5862068966	0.1885057471
1672	0.5346059113	0.5862068966	0.1885057471
1673	0.5346059113	0.5862068966	0.1885057471
1674	0.5348339719	0.5862068966	0.1885057471
1675	0.5348339719	0.5862068966	0.1885057471
1676	0.5348339719	0.5862068966	0.1885057471
1677	0.5346287174	0.5862068966	0.1885057471
1678	0.5349023901	0.5862068966	0.1885057471
1679	0.5349023901	0.5862068966	0.1885057471
1680	0.5353744755	0.5862068966	0.1885057471
1681	0.5353744755	0.5862068966	0.1885057471
1682	0.53557973	0.5862068966	0.1885057471
1683	0.53557973	0.5862068966	0.1885057471
1684	0.53557973	0.5862068966	0.1885057471
1685	0.5361544426	0.5862068966	0.1885057471
1686	0.5361544426	0.5862068966	0.1885057471
1687	0.5359491881	0.5862068966	0.1885057471
1688	0.5359491881	0.5862068966	0.1885057471
1689	0.5359491881	0.5862068966	0.1885057471
1690	0.5360664764	0.5862068966	0.1885057471
1691	0.5360664764	0.5862068966	0.1885057471
1692	0.5358670863	0.5862068966	0.1885057471
1693	0.536140759	0.5862068966	0.1885057471
1694	0.536140759	0.5862068966	0.1885057471
1695	0.536140759	0.5862068966	0.1885057471
1696	0.5364075899	0.5862068966	0.1885057471
1697	0.5364075899	0.5862068966	0.1885057471
1698	0.5361339172	0.5862068966	0.1885057471
1699	0.5367086298	0.5862068966	0.1885057471
1700	0.5367086298	0.5862068966	0.1885057471
1701	0.5367086298	0.5862068966	0.1885057471
1702	0.5370917716	0.5862068966	0.1885057471
1703	0.5367633643	0.5862068966	0.1885057471
1704	0.5370507207	0.5862068966	0.1885057471
1705	0.5369480934	0.5862068966	0.1885057471
1706	0.5370872104	0.5862068966	0.1885057471
1707	0.5373608831	0.5862068966	0.1885057471
1708	0.5379355957	0.5862068966	0.1885057471
1709	0.5371040868	0.5862068966	0.1885057471
1710	0.5377554278	0.5862068966	0.1885057471
1711	0.5377554278	0.5862068966	0.1885057471
1712	0.5377554278	0.5862068966	0.1885057471
1713	0.5377554278	0.5862068966	0.1885057471
1714	0.5380291005	0.5862068966	0.1885057471
1715	0.5374817552	0.5862068966	0.1885057471
1716	0.5370096698	0.5862068966	0.1885057471
1717	0.5372833425	0.5862068966	0.1885057471
1718	0.5371807152	0.5862068966	0.1885057471
1719	0.5374817552	0.5862068966	0.1885057471
1720	0.5379606824	0.5862068966	0.1885057471
1721	0.5381385696	0.5862068966	0.1885057471
1722	0.5381385696	0.5862068966	0.1885057471
1723	0.5381385696	0.5862068966	0.1885057471
1724	0.5381385696	0.5862068966	0.1885057471
1725	0.5381385696	0.5862068966	0.1885057471
1726	0.5381385696	0.5862068966	0.1885057471
1727	0.5381385696	0.5862068966	0.1885057471
1728	0.5381385696	0.5862068966	0.1885057471
1729	0.5381385696	0.5862068966	0.1885057471
1730	0.5381385696	0.5862068966	0.1885057471
1731	0.5383438241	0.5862068966	0.1885057471
1732	0.5386174968	0.5862068966	0.1885057471
1733	0.5386174968	0.5862068966	0.1885057471
1734	0.5386174968	0.5862068966	0.1885057471
1735	0.5386174968	0.5862068966	0.1885057471
1736	0.5388473819	0.5862068966	0.1885057471
1737	0.5388473819	0.5862068966	0.1885057471
1738	0.5398052363	0.5862068966	0.1885057471
1739	0.5398052363	0.5862068966	0.1885057471
1740	0.5398052363	0.5862068966	0.1885057471
1741	0.5382726692	0.5862068966	0.1885057471
1742	0.5386174968	0.5862068966	0.1885057471
1743	0.5391922095	0.5862068966	0.1885057471
1744	0.5397669221	0.5862068966	0.1885057471
1745	0.5397669221	0.5862068966	0.1885057471
1746	0.5397669221	0.5862068966	0.1885057471
1747	0.5407247765	0.5862068966	0.1885057471
1748	0.5407247765	0.5862068966	0.1885057471
1749	0.5407247765	0.5862068966	0.1885057471
1750	0.5407247765	0.5862068966	0.1885057471
1751	0.5416826309	0.5862068966	0.1885057471
1752	0.5416826309	0.5862068966	0.1885057471
1753	0.5416826309	0.5862068966	0.1885057471
1754	0.5416826309	0.5862068966	0.1885057471
1755	0.5416826309	0.5862068966	0.1885057471
1756	0.5416826309	0.5862068966	0.1885057471
1757	0.5416826309	0.5862068966	0.1885057471
1758	0.5416826309	0.5862068966	0.1885057471
1759	0.5416826309	0.5862068966	0.1885057471
1760	0.5428320562	0.5862068966	0.1896551724
1761	0.5428320562	0.5862068966	0.1896551724
1762	0.5418742018	0.5862068966	0.1896551724
1763	0.5418742018	0.5862068966	0.1896551724
1764	0.5418742018	0.5862068966	0.1896551724
1765	0.5418742018	0.5862068966	0.1896551724
1766	0.5418742018	0.5862068966	0.1896551724
1767	0.5422847108	0.5862068966	0.1896551724
1768	0.5422847108	0.5862068966	0.1896551724
1769	0.5424443532	0.5862068966	0.1896551724
1770	0.5412949279	0.5862068966	0.1885057471
1771	0.5441684912	0.5862068966	0.1885057471
1772	0.5441684912	0.5862068966	0.1885057471
1773	0.5441684912	0.5862068966	0.1885057471
1774	0.5441684912	0.5862068966	0.1885057471
1775	0.5499156176	0.5977011494	0.1885057471
1776	0.5441684912	0.5862068966	0.1885057471
1777	0.5441684912	0.5862068966	0.1885057471
1778	0.5441684912	0.5862068966	0.1885057471
1779	0.5441684912	0.5862068966	0.1885057471
1780	0.5454456304	0.5862068966	0.1896551724
1781	0.5454456304	0.5862068966	0.1896551724
1782	0.5435299215	0.5862068966	0.1896551724
1783	0.5454456304	0.5862068966	0.1896551724
1784	0.5454456304	0.5862068966	0.1896551724
1785	0.5435299215	0.5862068966	0.1896551724
1786	0.5435299215	0.5862068966	0.1896551724
1787	0.5435299215	0.5862068966	0.1896551724
1788	0.5435299215	0.5862068966	0.1896551724
1789	0.5435299215	0.5862068966	0.1896551724
1790	0.5435299215	0.5862068966	0.1896551724
1791	0.5435299215	0.5862068966	0.1896551724
1792	0.5442962051	0.5862068966	0.1908045977
1793	0.5442962051	0.5862068966	0.1908045977
1794	0.5448709177	0.5862068966	0.1908045977
1795	0.5442962051	0.5862068966	0.1908045977
1796	0.5442962051	0.5862068966	0.1908045977
1797	0.5448709177	0.5862068966	0.1908045977
1798	0.5450106048	0.5862068966	0.1908045977
1799	0.5450106048	0.5862068966	0.1908045977
1800	0.5469263136	0.5862068966	0.1908045977
1801	0.5469263136	0.5862068966	0.1908045977
1802	0.5469263136	0.5862068966	0.1908045977
1803	0.5475648832	0.5862068966	0.1908045977
1804	0.5475648832	0.5862068966	0.1908045977
1805	0.5475648832	0.5862068966	0.1908045977
1806	0.5469901706	0.5862068966	0.1908045977
1807	0.5469901706	0.5862068966	0.1908045977
1808	0.5469901706	0.5862068966	0.1908045977
1809	0.5469901706	0.5862068966	0.1908045977
1810	0.5475648832	0.5862068966	0.1908045977
1811	0.5475648832	0.5862068966	0.1908045977
1812	0.5475648832	0.5862068966	0.1908045977
1813	0.5487143085	0.5862068966	0.191954023
1814	0.5493528781	0.5862068966	0.191954023
1815	0.5493528781	0.5862068966	0.191954023
1816	0.5493528781	0.5862068966	0.191954023
1817	0.5493528781	0.5862068966	0.191954023
1818	0.5493528781	0.5862068966	0.191954023
1819	0.5493528781	0.5862068966	0.191954023
1820	0.5493528781	0.5862068966	0.191954023
1821	0.5493528781	0.5862068966	0.191954023
1822	0.549213191	0.5862068966	0.191954023
1823	0.5472974822	0.5862068966	0.191954023
1824	0.5474371693	0.5862068966	0.191954023
1825	0.5531842957	0.5977011494	0.191954023
1826	0.5531842957	0.5977011494	0.191954023
1827	0.554333721	0.5977011494	0.1931034483
1828	0.5562494298	0.5977011494	0.1931034483
1829	0.5581651387	0.6091954023	0.1931034483
1830	0.5581651387	0.6091954023	0.1931034483
1831	0.5581651387	0.6091954023	0.1931034483
1832	0.5581651387	0.6091954023	0.1931034483
1833	0.5581651387	0.6091954023	0.1931034483
1834	0.5581651387	0.6091954023	0.1931034483
1835	0.5610387019	0.6206896552	0.1931034483
1836	0.5610387019	0.6206896552	0.1931034483
1837	0.5612371146	0.6206896552	0.1931034483
1838	0.562194969	0.6206896552	0.1931034483
1839	0.5634721082	0.6206896552	0.1931034483
1840	0.5634721082	0.6206896552	0.1931034483
1841	0.5632736955	0.6206896552	0.1931034483
1842	0.5632736955	0.6206896552	0.1931034483
1843	0.5631340084	0.6206896552	0.1931034483
1844	0.5631340084	0.6206896552	0.1931034483
1845	0.5632366357	0.6206896552	0.1931034483
1846	0.5634721082	0.6206896552	0.1931034483
1847	0.5634721082	0.6206896552	0.1931034483
1848	0.5635998221	0.6206896552	0.1931034483
1849	0.5635998221	0.6206896552	0.1931034483
1850	0.5635998221	0.6206896552	0.1931034483
1851	0.5635998221	0.6206896552	0.1931034483
1852	0.5635998221	0.6206896552	0.1931034483
1853	0.5635998221	0.6206896552	0.1931034483
1854	0.564653462	0.6206896552	0.1942528736
1855	0.564653462	0.6206896552	0.1942528736
1856	0.564653462	0.6206896552	0.1942528736
1857	0.5647811759	0.6206896552	0.1942528736
1858	0.5649864304	0.6206896552	0.1942528736
1859	0.5649864304	0.6206896552	0.1942528736
1860	0.5649864304	0.6206896552	0.1942528736
1861	0.5649864304	0.6206896552	0.1942528736
1862	0.5649864304	0.6206896552	0.1942528736
1863	0.5652418582	0.6206896552	0.1942528736
1864	0.5652418582	0.6206896552	0.1942528736
1865	0.5652418582	0.6206896552	0.1942528736
1866	0.5652418582	0.6206896552	0.1942528736
1867	0.5650366037	0.6206896552	0.1942528736
1868	0.5652418582	0.6206896552	0.1942528736
1869	0.5650366037	0.6206896552	0.1942528736
1870	0.5650366037	0.6206896552	0.1942528736
1871	0.5650366037	0.6206896552	0.1942528736
1872	0.5650366037	0.6206896552	0.1942528736
1873	0.5650366037	0.6206896552	0.1942528736
1874	0.5652418582	0.6206896552	0.1942528736
1875	0.5651141443	0.6206896552	0.1942528736
1876	0.5651141443	0.6206896552	0.1942528736
1877	0.5651141443	0.6206896552	0.1942528736
1878	0.5651141443	0.6206896552	0.1942528736
1879	0.5651141443	0.6206896552	0.1942528736
1880	0.5651141443	0.6206896552	0.1942528736
1881	0.5649088898	0.6206896552	0.1942528736
1882	0.5649088898	0.6206896552	0.1942528736
1883	0.5651141443	0.6206896552	0.1942528736
1884	0.5651141443	0.6206896552	0.1942528736
1885	0.5651141443	0.6206896552	0.1942528736
1886	0.5651141443	0.6206896552	0.1942528736
1887	0.5651141443	0.6206896552	0.1942528736
1888	0.565688857	0.6206896552	0.1942528736
1889	0.565688857	0.6206896552	0.1942528736
1890	0.565688857	0.6206896552	0.1942528736
1891	0.565688857	0.6206896552	0.1942528736
1892	0.5658256933	0.6206896552	0.1942528736
1893	0.565948846	0.6206896552	0.1942528736
1894	0.5655702655	0.6206896552	0.1942528736
1895	0.5655702655	0.6206896552	0.1942528736
1896	0.5656204388	0.6206896552	0.1942528736
1897	0.5654836024	0.6206896552	0.1942528736
1898	0.5654836024	0.6206896552	0.1942528736
1899	0.5654836024	0.6206896552	0.1942528736
1900	0.5654836024	0.6206896552	0.1942528736
1901	0.5654836024	0.6206896552	0.1942528736
1902	0.5652281746	0.6206896552	0.1942528736
1903	0.5654836024	0.6206896552	0.1942528736
1904	0.565688857	0.6206896552	0.1942528736
1905	0.565688857	0.6206896552	0.1942528736
1906	0.565688857	0.6206896552	0.1942528736
1907	0.565688857	0.6206896552	0.1942528736
1908	0.5666467114	0.6206896552	0.1942528736
1909	0.5666467114	0.6206896552	0.1942528736
1910	0.5664414569	0.6206896552	0.1942528736
1911	0.5667744253	0.6206896552	0.1942528736
1912	0.5667744253	0.6206896552	0.1942528736
1913	0.5666467114	0.6206896552	0.1942528736
1914	0.5667744253	0.6206896552	0.1942528736
1915	0.5667744253	0.6206896552	0.1942528736
1916	0.5667744253	0.6206896552	0.1942528736
1917	0.5725215517	0.632183908	0.1942528736
1918	0.5725215517	0.632183908	0.1942528736
1919	0.5725215517	0.632183908	0.1942528736
1920	0.5725215517	0.632183908	0.1942528736
1921	0.5725215517	0.632183908	0.1942528736
1922	0.5732878352	0.632183908	0.1942528736
1923	0.5725215517	0.632183908	0.1942528736
1924	0.5727952244	0.632183908	0.1942528736
1925	0.5727952244	0.632183908	0.1942528736
1926	0.5727952244	0.632183908	0.1942528736
1927	0.5737257115	0.632183908	0.1942528736
1928	0.5737257115	0.632183908	0.1942528736
1929	0.5737257115	0.632183908	0.1942528736
1930	0.5738625479	0.632183908	0.1942528736
1931	0.5738625479	0.632183908	0.1942528736
1932	0.5738625479	0.632183908	0.1942528736
1933	0.5730962644	0.632183908	0.1942528736
1934	0.5730962644	0.632183908	0.1942528736
1935	0.5728225917	0.632183908	0.1942528736
1936	0.5733015189	0.632183908	0.1942528736
1937	0.5733015189	0.632183908	0.1942528736
1938	0.5728225917	0.632183908	0.1942528736
1939	0.5728225917	0.632183908	0.1942528736
1940	0.5728225917	0.632183908	0.1942528736
1941	0.5736071201	0.632183908	0.1942528736
1942	0.574137741	0.632183908	0.1942528736
1943	0.57405868	0.632183908	0.1942528736
1944	0.5730187238	0.632183908	0.1942528736
1945	0.57405868	0.632183908	0.1942528736
1946	0.5734566001	0.632183908	0.1942528736
1947	0.573648171	0.632183908	0.1942528736
1948	0.574318669	0.632183908	0.1942528736
1949	0.5750849526	0.632183908	0.1942528736
1950	0.5749329122	0.632183908	0.1942528736
1951	0.5749329122	0.632183908	0.1942528736
1952	0.5750849526	0.632183908	0.1942528736
1953	0.5750849526	0.632183908	0.1942528736
1954	0.5754680943	0.632183908	0.1942528736
1955	0.5754680943	0.632183908	0.1942528736
1956	0.5754680943	0.632183908	0.1942528736
1957	0.5754680943	0.632183908	0.1942528736
1958	0.5754680943	0.632183908	0.1942528736
1959	0.5754680943	0.632183908	0.1942528736
1960	0.5754680943	0.632183908	0.1942528736
1961	0.5754680943	0.632183908	0.1942528736
1962	0.5754680943	0.632183908	0.1942528736
1963	0.5754680943	0.632183908	0.1942528736
1964	0.5754680943	0.632183908	0.1942528736
1965	0.5756322979	0.632183908	0.1942528736
1966	0.5756322979	0.632183908	0.1942528736
1967	0.5758512361	0.632183908	0.1942528736
1968	0.5758512361	0.632183908	0.1942528736
1969	0.5758512361	0.632183908	0.1942528736
1970	0.5758512361	0.632183908	0.1942528736
1971	0.5760108785	0.632183908	0.1942528736
1972	0.5765719075	0.632183908	0.1942528736
1973	0.5765719075	0.632183908	0.1942528736
1974	0.5765719075	0.632183908	0.1942528736
1975	0.5765719075	0.632183908	0.1942528736
1976	0.5765719075	0.632183908	0.1942528736
1977	0.5756140531	0.632183908	0.1942528736
1978	0.5756140531	0.632183908	0.1942528736
1979	0.5756140531	0.632183908	0.1942528736
1980	0.5759205665	0.632183908	0.1942528736
1981	0.57668685	0.632183908	0.1954022989
1982	0.5759205665	0.632183908	0.1942528736
1983	0.5759205665	0.632183908	0.1942528736
1984	0.5759205665	0.632183908	0.1942528736
1985	0.5759205665	0.632183908	0.1942528736
1986	0.5759205665	0.632183908	0.1942528736
1987	0.57668685	0.632183908	0.1954022989
1988	0.57668685	0.632183908	0.1954022989
1989	0.57668685	0.632183908	0.1954022989
1990	0.57668685	0.632183908	0.1954022989
1991	0.57668685	0.632183908	0.1954022989
1992	0.57668685	0.632183908	0.1954022989
1993	0.57668685	0.632183908	0.1954022989
1994	0.57668685	0.632183908	0.1954022989
1995	0.57668685	0.632183908	0.1954022989
1996	0.57668685	0.632183908	0.1954022989
1997	0.5777678571	0.632183908	0.1954022989
1998	0.5777678571	0.632183908	0.1954022989
1999	0.5777678571	0.632183908	0.1954022989
