ID,Outcome
0,1
1,0
2,0
3,0
4,0
5,1
6,1
7,2
8,0
9,2
10,2
11,1
12,2
13,2
14,0
15,1
16,2
17,3
18,1
19,0
20,0
21,1
22,2
23,1
24,2
25,0
26,2
27,2
28,3
29,3
30,0
31,1
32,0
33,2
34,1
35,2
36,0
37,2
38,0
39,2
40,0
41,0
42,1
43,1
44,1
45,0
46,2
47,1
48,0
49,0
50,2
51,0
52,1
53,0
54,1
55,3
56,0
57,0
58,1
59,1
60,1
61,2
62,2
63,1
64,1
65,0
66,2
67,2
68,0
69,0
70,1
71,1
72,0
73,0
74,2
75,2
76,2
77,0
78,1
79,0
80,2
81,2
82,0
83,0
84,0
85,2
86,0
87,1
88,0
89,0
90,0
91,0
92,2
93,0
94,0
95,0
96,1
97,2
98,0
99,1
100,2
101,0
102,1
103,0
104,2
105,1
106,1
107,0
108,1
109,1
110,0
111,3
112,0
113,0
114,2
115,0
116,0
117,0
118,2
119,1
120,0
121,0
122,0
123,0
124,1
125,0
126,1
127,1
128,0
129,1
130,0
131,0
132,1
133,0
134,0
135,1
136,0
137,0
138,1
139,1
140,1
141,0
142,0
143,1
144,2
145,2
146,2
147,0
148,1
149,0
150,0
151,1
152,2
153,2
154,0
155,1
156,0
157,3
158,1
159,0
160,0
161,3
162,1
163,3
164,2
165,0
166,0
167,2
168,0
169,1
170,0
171,0
172,0
173,1
174,0
175,0
176,0
177,2
178,0
179,2
180,3
181,1
182,0
183,2
184,3
185,1
186,1
187,0
188,1
189,0
190,1
191,0
192,1
193,0
194,0
195,0
196,2
197,0
198,2
199,0
200,0
201,0
202,1
203,1
204,1
205,0
206,0
207,2
208,1
209,1
210,2
211,2
212,1
213,1
214,1
215,1
216,2
217,2
218,1
219,1
220,2
221,0
222,2
223,0
224,2
225,2
226,0
227,1
228,3
229,2
230,1
231,0
232,1
233,1
234,2
235,0
236,0
237,2
238,1
239,2
240,0
241,2
242,1
243,0
244,1
245,0
246,1
247,0
248,0
249,1
250,1
251,1
252,0
253,1
254,0
255,0
256,1
257,0
258,1
259,2
260,0
261,0
262,1
263,0
264,3
265,0
266,0
267,0
268,2
269,3
270,0
271,0
272,0
273,1
274,0
275,1
276,1
277,1
278,0
279,2
280,2
281,1
282,3
283,3
284,2
285,0
286,0
287,0
288,1
289,0
290,0
291,2
292,2
293,2
294,1
295,0
296,0
297,0
298,1
299,0
300,1
301,0
302,1
303,1
304,0
305,2
306,1
307,2
308,2
309,0
310,1
311,2
312,2
313,0
314,1
315,0
316,0
317,0
318,0
319,0
320,2
321,2
322,0
323,0
324,2
325,0
326,0
327,0
328,0
329,1
330,0
331,1
332,0
333,0
334,2
335,0
336,2
337,2
338,1
339,1
340,3
341,0
342,2
343,0
344,1
345,0
346,1
347,0
348,0
349,0
350,0
351,3
352,1
353,1
354,0
355,0
356,3
357,1
358,3
359,0
360,2
361,2
362,3
363,0
364,0
365,0
366,3
367,3
368,0
369,0
370,2
371,0
372,2
373,0
374,0
375,0
376,0
377,2
378,0
379,0
380,0
381,1
382,1
383,0
384,0
385,0
386,4
387,0
388,2
389,1
390,1
391,0
392,2
393,0
394,1
395,2
396,1
397,0
398,2
399,1
400,0
401,2
402,1
403,2
404,0
405,1
406,1
407,1
408,2
409,0
410,3
411,0
412,1
413,3
414,0
415,2
416,1
417,0
418,3
419,1
420,0
421,0
422,0
423,0
424,3
425,0
426,0
427,1
428,1
429,0
430,2
431,2
432,1
433,0
434,1
435,0
436,2
437,2
438,0
439,0
440,1
441,0
442,0
443,0
444,2
445,2
446,1
447,2
448,1
449,0
450,1
451,0
452,0
453,1
454,0
455,1
456,0
457,0
458,2
459,2
460,0
461,2
462,2
463,1
464,3
465,0
466,0
467,2
468,2
469,2
470,1
471,1
472,1
473,2
474,2
475,1
476,2
477,1
478,1
479,1
480,0
481,0
482,2
483,0
484,0
485,0
486,0
487,1
488,0
489,1
490,0
491,1
492,0
493,0
494,1
495,1
496,2
497,2
498,1
499,3
500,2
501,3
502,2
503,1
504,0
505,2
506,1
507,0
508,0
509,1
510,1
511,0
512,2
513,1
514,2
515,1
516,0
517,1
518,1
519,0
520,0
521,2
522,1
523,3
524,1
525,3
526,1
527,1
528,2
529,1
530,0
531,0
532,0
533,0
534,0
535,0
536,2
537,2
538,1
539,1
540,0
541,0
542,2
543,0
544,0
545,0
546,0
547,0
548,0
549,1
550,2
551,1
552,2
553,2
554,1
555,0
556,1
557,2
558,1
559,0
560,1
561,1
562,1
563,0
564,0
565,0
566,1
567,3
568,0
569,0
570,1
571,1
572,1
573,0
574,2
575,3
576,2
577,0
578,0
579,3
580,2
581,1
582,1
583,1
584,1
585,0
586,1
587,0
588,0
589,0
590,2
591,2
592,2
593,0
594,2
595,1
596,1
597,0
598,0
599,1
600,1
601,0
602,0
603,0
604,2
605,1
606,1
607,2
608,0
609,2
610,0
611,0
612,3
613,1
614,0
615,2
616,0
617,0
618,2
619,3
620,0
621,2
622,0
623,2
624,2
625,0
626,1
627,0
628,0
629,1
630,0
631,1
632,2
633,0
634,0
635,0
636,0
637,1
638,0
639,0
640,0
641,0
642,2
643,1
644,1
645,0
646,1
647,2
648,0
649,0
650,0
651,1
652,0
653,1
654,1
655,1
656,2
657,0
658,2
659,2
660,1
661,2
662,0
663,0
664,0
665,2
666,0
667,2
668,1
669,1
670,1
671,0
672,2
673,0
674,0
675,1
676,1
677,1
678,0
679,0
680,2
681,2
682,0
683,1
684,1
685,2
686,0
687,0
688,1
689,2
690,1
691,1
692,2
693,1
694,0
695,3
696,2
697,0
698,1
699,0
700,0
701,0
702,1
703,0
704,2
705,1
706,2
707,3
708,1
709,2
710,0
711,1
712,1
713,2
714,0
715,2
716,1
717,1
718,1
719,0
720,0
721,0
722,3
723,0
724,2
725,0
726,1
727,2
728,1
729,1
730,1
731,0
732,2
733,1
734,0
735,1
736,0
737,0
738,1
739,1
740,0
741,0
742,0
743,2
744,1
745,0
746,1
747,1
748,2
749,0
750,1
751,0
752,0
753,1
754,0
755,0
756,0
757,2
758,2
759,1
760,0
761,2
762,0
763,1
764,1
765,0
766,0
767,0
768,3
769,1
770,1
771,2
772,0
773,0
774,0
775,0
776,0
777,0
778,0
779,2
780,2
781,0
782,0
783,0
784,0
785,0
786,0
787,1
788,0
789,1
790,0
791,1
792,0
793,3
794,1
795,1
796,0
797,1
798,0
799,0
800,2
801,1
802,0
803,1
804,0
805,0
806,3
807,0
808,1
809,1
810,1
811,1
812,3
813,1
814,1
815,0
816,2
817,3
818,1
819,1
820,0
821,2
822,0
823,0
824,1
825,0
826,0
827,0
828,0
829,2
830,0
831,0
832,0
833,0
834,1
835,0
836,0
837,2
838,3
839,2
840,1
841,1
842,2
843,0
844,0
845,0
846,0
847,1
848,1
849,2
850,0
851,0
852,0
853,1
854,0
855,0
856,4
857,1
858,0
859,2
860,2
861,0
862,1
863,2
864,1
865,0
866,0
867,1
868,0
869,1
870,2
871,0
872,1
873,1
874,2
875,4
876,0
877,1
878,2
879,0
880,2
881,2
882,1
883,0
884,1
885,0
886,0
887,2
888,2
889,1
890,0
891,2
892,0
893,1
894,0
895,2
896,2
897,1
898,2
899,0
900,0
901,2
902,1
903,3
904,0
905,2
906,2
907,2
908,2
909,0
910,3
911,0
912,0
913,2
914,0
915,2
916,2
917,2
918,1
919,0
920,0
921,3
922,0
923,2
924,1
925,1
926,0
927,2
928,1
929,3
930,1
931,3
932,2
933,0
934,0
935,0
936,1
937,2
938,1
939,2
940,2
941,0
942,0
943,0
944,1
945,1
946,1
947,0
948,0
949,2
950,1
951,1
952,2
953,1
954,1
955,0
956,1
957,0
958,0
959,0
960,1
961,2
962,2
963,0
964,0
965,0
966,0
967,2
968,0
969,1
970,0
971,0
972,0
973,2
974,2
975,0
976,0
977,0
978,1
979,2
980,2
981,0
982,1
983,0
984,0
985,1
986,1
987,2
988,1
989,1
990,1
991,0
992,2
993,0
994,0
995,1
996,2
997,0
998,0
999,1
1000,0
1001,1
1002,0
1003,0
1004,2
1005,0
1006,0
1007,0
1008,0
1009,0
1010,0
1011,0
1012,2
1013,0
1014,2
1015,1
1016,0
1017,0
1018,0
1019,0
1020,0
1021,1
1022,0
1023,3
1024,1
1025,1
1026,0
1027,0
1028,0
1029,0
1030,2
1031,0
1032,2
1033,1
1034,0
1035,0
1036,0
1037,0
1038,2
1039,1
1040,0
1041,1
1042,0
1043,2
1044,0
1045,1
1046,1
1047,0
1048,0
1049,0
1050,2
1051,1
1052,2
1053,0
1054,1
1055,3
1056,0
1057,0
1058,0
1059,2
1060,2
1061,0
1062,1
1063,0
1064,0
1065,1
1066,2
1067,0
1068,0
1069,1
1070,0
1071,0
1072,1
1073,2
1074,3
1075,1
1076,0
1077,0
1078,0
1079,1
1080,0
1081,0
1082,2
1083,0
1084,0
1085,2
1086,2
1087,1
1088,1
1089,0
1090,3
1091,0
1092,0
1093,2
1094,1
1095,0
1096,0
1097,0
1098,3
1099,2
1100,0
1101,0
1102,0
1103,0
1104,2
1105,2
1106,0
1107,2
1108,2
1109,2
1110,0
1111,0
1112,0
1113,1
1114,0
1115,2
1116,0
1117,0
1118,1
1119,1
1120,0
1121,1
1122,0
1123,2
1124,2
1125,0
1126,0
1127,1
1128,2
1129,1
1130,2
1131,0
1132,0
1133,2
1134,2
1135,2
1136,0
1137,1
1138,0
1139,1
1140,1
1141,1
1142,0
1143,2
1144,0
1145,0
1146,1
1147,0
1148,1
1149,2
1150,1
1151,0
1152,2
1153,2
1154,1
1155,0
1156,0
1157,1
1158,3
1159,2
1160,2
1161,0
1162,1
1163,1
1164,2
1165,0
1166,0
1167,2
1168,1
1169,0
1170,0
1171,3
1172,2
1173,1
1174,1
1175,2
1176,1
1177,0
1178,2
1179,2
1180,0
1181,0
1182,2
1183,2
1184,0
1185,0
1186,2
1187,0
1188,0
1189,0
1190,0
1191,2
1192,0
1193,0
1194,0
1195,1
1196,2
1197,2
1198,1
1199,0
1200,0
1201,0
1202,0
1203,0
1204,1
1205,1
1206,0
1207,2
1208,0
1209,1
1210,1
1211,0
1212,2
1213,2
1214,2
1215,1
1216,1
1217,2
1218,0
1219,2
1220,1
1221,0
1222,0
1223,2
1224,2
1225,1
1226,1
1227,1
1228,0
1229,2
1230,2
1231,0
1232,3
1233,1
1234,1
1235,2
1236,0
1237,0
1238,0
1239,3
1240,2
1241,0
1242,1
1243,2
1244,2
1245,1
1246,2
1247,2
1248,0
1249,1
1250,1
1251,2
1252,2
1253,0
1254,1
1255,0
1256,1
1257,1
1258,1
1259,3
1260,0
1261,0
1262,2
1263,0
1264,2
1265,0
1266,0
1267,2
1268,1
1269,1
1270,1
1271,2
1272,2
1273,2
1274,2
1275,0
1276,1
1277,0
1278,0
1279,1
1280,2
1281,2
1282,0
1283,0
1284,0
1285,0
1286,0
1287,1
1288,0
1289,0
1290,0
1291,0
1292,0
1293,2
1294,0
1295,0
1296,0
1297,2
1298,0
1299,4
1300,0
1301,1
1302,1
1303,1
1304,1
1305,2
1306,0
1307,0
1308,2
1309,0
1310,0
1311,0
1312,2
1313,0
1314,2
1315,0
1316,3
1317,2
1318,1
1319,0
1320,2
1321,0
1322,0
1323,2
1324,0
1325,0
1326,0
1327,2
1328,2
1329,0
1330,0
1331,0
1332,0
1333,3
1334,0
1335,1
1336,1
1337,2
1338,2
1339,2
1340,2
1341,0
1342,2
1343,0
1344,0
1345,0
1346,1
1347,0
1348,0
1349,2
1350,0
1351,2
1352,2
1353,0
1354,0
1355,0
1356,0
1357,3
1358,0
1359,1
1360,0
1361,4
1362,2
1363,4
1364,1
1365,2
1366,2
1367,0
1368,1
1369,1
1370,2
1371,0
1372,1
1373,0
1374,2
1375,1
1376,1
1377,0
1378,3
1379,1
1380,0
1381,1
1382,0
1383,3
1384,2
1385,2
1386,0
1387,2
1388,0
1389,0
1390,2
1391,0
1392,0
1393,0
1394,2
1395,2
1396,0
1397,2
1398,0
1399,2
1400,0
1401,0
1402,2
1403,1
1404,1
1405,2
1406,0
1407,0
1408,2
1409,0
1410,0
1411,0
1412,0
1413,1
1414,2
1415,0
1416,3
1417,2
1418,0
1419,0
1420,0
1421,0
1422,1
1423,2
1424,2
1425,1
1426,2
1427,0
1428,1
1429,1
1430,2
1431,0
1432,1
1433,1
1434,1
1435,0
1436,2
1437,2
1438,2
1439,0
1440,0
1441,2
1442,1
1443,1
1444,0
1445,0
1446,1
1447,0
1448,1
1449,3
1450,2
1451,0
1452,0
1453,2
1454,1
1455,0
1456,1
1457,0
1458,1
1459,1
1460,1
1461,2
1462,1
1463,0
1464,0
1465,0
1466,0
1467,0
1468,0
1469,3
1470,2
1471,3
1472,1
1473,0
1474,0
1475,0
1476,2
1477,2
1478,0
1479,0
1480,3
1481,0
1482,0
1483,0
1484,3
1485,0
1486,0
1487,0
1488,2
1489,2
1490,3
1491,3
1492,4
1493,0
1494,1
1495,2
1496,0
1497,0
1498,1
1499,1
1500,1
1501,2
1502,2
1503,2
1504,1
1505,0
1506,0
1507,0
1508,0
1509,0
1510,0
1511,0
1512,0
1513,2
1514,3
1515,1
1516,2
1517,0
1518,1
1519,0
1520,3
1521,0
1522,1
1523,0
1524,0
1525,0
1526,2
1527,0
1528,1
1529,0
1530,0
1531,0
1532,0
1533,0
1534,2
1535,1
1536,2
1537,2
1538,0
1539,0
1540,0
1541,1
1542,0
1543,2
1544,0
1545,0
1546,3
1547,2
1548,2
1549,2
1550,0
1551,0
1552,0
1553,2
1554,0
1555,2
1556,0
1557,0
1558,0
1559,0
1560,1
1561,3
1562,0
1563,0
1564,2
1565,0
1566,0
1567,1
1568,0
1569,3
1570,3
1571,0
1572,2
1573,2
1574,3
1575,0
1576,0
1577,0
1578,1
1579,1
1580,1
1581,1
1582,0
1583,1
1584,1
1585,0
1586,0
1587,0
1588,0
1589,0
1590,4
1591,0
1592,1
1593,2
1594,0
1595,1
1596,1
1597,2
1598,1
1599,1
1600,2
1601,1
1602,0
1603,1
1604,1
1605,0
1606,0
1607,0
1608,2
1609,0
1610,1
1611,1
1612,0
1613,1
1614,2
1615,2
1616,0
1617,3
1618,1
1619,1
1620,1
1621,0
1622,2
1623,1
1624,2
1625,3
1626,3
1627,0
1628,1
1629,0
1630,0
1631,2
1632,1
1633,0
1634,0
1635,2
1636,0
1637,1
1638,1
1639,0
1640,0
1641,0
1642,1
1643,1
1644,3
1645,3
1646,0
1647,4
1648,2
1649,2
1650,0
1651,1
1652,2
1653,1
1654,0
1655,1
1656,2
1657,1
1658,1
1659,1
1660,0
1661,3
1662,1
1663,1
1664,0
1665,0
1666,1
1667,0
1668,0
1669,0
1670,0
1671,1
1672,1
1673,3
1674,2
1675,0
1676,1
1677,0
1678,1
1679,3
1680,2
1681,2
1682,0
1683,2
1684,0
1685,1
1686,1
1687,0
1688,0
1689,4
1690,1
1691,0
1692,0
1693,2
1694,0
1695,0
1696,1
1697,0
1698,2
1699,0
1700,1
1701,2
1702,1
1703,0
1704,2
1705,1
1706,0
1707,0
1708,2
1709,1
1710,0
1711,0
1712,1
1713,1
1714,3
1715,0
1716,0
1717,3
1718,1
1719,1
1720,2
1721,0
1722,2
1723,0
1724,0
1725,0
1726,3
1727,1
1728,0
1729,1
1730,2
1731,0
1732,1
1733,4
1734,2
1735,0
1736,0
1737,2
1738,1
1739,2
1740,0
1741,1
1742,0
1743,0
1744,0
1745,0
1746,2
1747,0
1748,0
1749,0
1750,2
1751,0
1752,3
1753,3
1754,1
1755,3
1756,0
1757,2
1758,0
1759,0
1760,0
1761,0
1762,0
1763,0
1764,2
1765,2
1766,0
1767,0
1768,0
1769,2
1770,0
1771,0
1772,2
1773,2
1774,2
1775,1
1776,0
1777,0
1778,0
1779,3
1780,1
1781,1
1782,2
1783,0
1784,0
1785,0
1786,0
1787,2
1788,0
1789,1
1790,0
1791,2
1792,1
1793,0
1794,0
1795,1
1796,0
1797,0
1798,0
1799,0
1800,1
1801,2
1802,1
1803,2
1804,0
1805,0
1806,0
1807,0
1808,2
1809,1
1810,1
1811,2
1812,1
1813,2
1814,1
1815,1
1816,1
1817,3
1818,1
1819,2
1820,1
1821,0
1822,4
1823,3
1824,0
1825,3
1826,0
1827,2
1828,0
1829,0
1830,1
1831,2
1832,0
1833,0
1834,1
1835,1
1836,1
1837,2
1838,0
1839,3
1840,0
1841,0
1842,1
1843,0
1844,1
1845,2
1846,2
1847,0
1848,2
1849,0
1850,2
1851,2
1852,2
1853,1
1854,1
1855,0
1856,2
1857,2
1858,0
1859,2
1860,0
1861,0
1862,0
1863,1
1864,0
1865,0
1866,0
1867,0
1868,1
1869,3
1870,3
1871,0
1872,2
1873,0
1874,3
1875,2
1876,1
1877,1
1878,0
1879,0
1880,0
1881,2
1882,2
1883,3
1884,0
1885,0
1886,2
1887,1
1888,1
1889,0
1890,0
1891,0
1892,1
1893,0
1894,2
1895,2
1896,0
1897,0
1898,3
1899,0
1900,1
1901,2
1902,0
1903,0
1904,0
1905,0
1906,0
1907,1
1908,0
1909,1
1910,2
1911,0
1912,1
1913,1
1914,1
1915,0
1916,0
1917,1
1918,1
1919,1
1920,1
1921,2
1922,0
1923,0
1924,0
1925,1
1926,0
1927,2
1928,1
1929,0
1930,0
1931,0
1932,0
1933,1
1934,0
1935,0
1936,0
1937,1
1938,1
1939,1
1940,0
1941,3
1942,0
1943,0
1944,0
1945,0
1946,0
1947,1
1948,3
1949,1
1950,0
1951,2
1952,1
1953,0
1954,0
1955,1
1956,0
1957,0
1958,0
1959,3
1960,2
1961,2
1962,0
1963,1
1964,0
1965,1
1966,0
1967,0
1968,3
1969,2
1970,2
1971,0
1972,2
1973,1
1974,0
1975,2
1976,0
1977,1
1978,1
1979,0
1980,0
1981,2
1982,1
1983,1
1984,0
1985,1
1986,1
1987,3
1988,2
1989,2
1990,2
1991,0
1992,2
1993,0
1994,0
1995,1
1996,0
1997,1
1998,1
1999,0
2000,0
2001,0
2002,0
2003,0
2004,1
2005,0
2006,1
2007,2
2008,1
2009,2
2010,0
2011,0
2012,0
2013,1
2014,2
2015,0
2016,0
2017,1
2018,0
2019,0
2020,0
2021,2
2022,0
2023,1
2024,0
2025,0
2026,2
2027,2
2028,2
2029,0
2030,2
2031,2
2032,0
2033,0
2034,0
2035,0
2036,1
2037,1
2038,2
2039,2
2040,2
2041,0
2042,0
2043,0
2044,1
2045,1
2046,0
2047,3
2048,0
2049,1
2050,0
2051,0
2052,2
2053,3
2054,3
2055,2
2056,4
2057,0
2058,0
2059,2
2060,0
2061,1
2062,3
2063,0
2064,0
2065,0
2066,3
2067,0
2068,0
2069,2
2070,1
2071,0
2072,3
2073,2
2074,0
2075,1
2076,2
2077,1
2078,0
2079,0
2080,2
2081,1
2082,0
2083,1
2084,0
2085,1
2086,1
2087,0
2088,1
2089,2
2090,1
2091,0
2092,0
2093,3
2094,0
2095,0
2096,1
2097,0
2098,0
2099,0
2100,4
2101,0
2102,0
2103,0
2104,0
2105,1
2106,0
2107,1
2108,0
2109,0
2110,2
2111,1
2112,2
2113,0
2114,0
2115,2
2116,0
2117,2
2118,1
2119,2
2120,3
2121,2
2122,0
2123,2
2124,3
2125,2
2126,0
2127,0
2128,0
2129,0
2130,1
2131,0
2132,3
2133,1
2134,3
2135,1
2136,0
2137,2
2138,0
2139,0
2140,3
2141,0
2142,1
2143,1
2144,0
2145,0
2146,2
2147,0
2148,1
2149,1
2150,1
2151,0
2152,2
2153,0
2154,2
2155,0
2156,0
2157,1
2158,0
2159,0
2160,0
2161,2
2162,2
2163,0
2164,2
2165,0
2166,2
2167,2
2168,0
2169,3
2170,1
2171,0
2172,0
2173,0
2174,1
2175,2
2176,0
2177,1
2178,2
2179,2
2180,1
2181,1
2182,1
2183,2
2184,2
2185,0
2186,1
2187,0
2188,1
2189,2
2190,0
2191,0
2192,1
2193,0
2194,2
2195,2
2196,0
2197,0
2198,1
2199,0
2200,0
2201,2
2202,0
2203,1
2204,2
2205,1
2206,0
2207,2
2208,1
2209,1
2210,0
2211,0
2212,1
2213,0
2214,0
2215,0
2216,1
2217,2
2218,0
2219,1
2220,0
2221,3
2222,2
2223,0
2224,0
2225,1
2226,1
2227,1
2228,3
2229,1
2230,1
2231,0
2232,0
2233,0
2234,2
2235,2
2236,1
2237,3
2238,0
2239,2
2240,0
2241,1
2242,1
2243,3
2244,0
2245,2
2246,0
2247,0
2248,3
2249,0
2250,3
2251,0
2252,1
2253,0
2254,1
2255,0
2256,1
2257,1
2258,2
2259,3
2260,1
2261,1
2262,0
2263,0
2264,0
2265,2
2266,1
2267,4
2268,2
2269,0
2270,1
2271,0
2272,1
2273,2
2274,2
2275,1
2276,0
2277,1
2278,1
2279,1
2280,0
2281,0
2282,0
2283,1
2284,2
2285,1
2286,0
2287,0
2288,3
2289,1
2290,2
2291,2
2292,2
2293,0
2294,2
2295,1
2296,0
2297,0
2298,0
2299,1
2300,1
2301,2
2302,1
2303,2
2304,0
2305,0
2306,0
2307,1
2308,0
2309,0
2310,1
2311,2
2312,0
2313,1
2314,3
2315,0
2316,0
2317,2
2318,1
2319,1
2320,2
2321,2
2322,1
2323,0
2324,0
2325,1
2326,2
2327,2
2328,1
2329,2
2330,0
2331,1
2332,1
2333,3
2334,0
2335,1
2336,0
2337,2
2338,2
2339,3
2340,1
2341,1
2342,1
2343,0
2344,2
2345,2
2346,2
2347,2
2348,3
2349,0
2350,0
2351,0
2352,3
2353,0
2354,1
2355,0
2356,2
2357,0
2358,0
2359,0
2360,1
2361,1
2362,1
2363,2
2364,0
2365,0
2366,1
2367,0
2368,1
2369,1
2370,2
2371,1
2372,1
2373,1
2374,2
2375,3
2376,0
2377,1
2378,1
2379,1
2380,0
2381,2
2382,1
2383,0
2384,3
2385,1
2386,1
2387,1
2388,0
2389,0
2390,2
2391,0
2392,0
2393,0
2394,2
2395,1
2396,0
2397,0
2398,0
2399,1
2400,1
2401,1
2402,0
2403,0
2404,1
2405,0
2406,0
2407,0
2408,0
2409,2
2410,0
2411,2
2412,0
2413,1
2414,1
2415,2
2416,1
2417,0
2418,0
2419,0
2420,0
2421,3
2422,1
2423,1
2424,0
2425,1
2426,0
2427,1
2428,2
2429,0
2430,2
2431,1
2432,2
2433,0
2434,0
2435,0
2436,0
2437,0
2438,0
2439,0
2440,0
2441,1
2442,0
2443,1
2444,0
2445,2
2446,0
2447,2
2448,0
2449,0
2450,1
2451,0
2452,1
2453,2
2454,1
2455,2
2456,1
2457,2
2458,0
2459,1
2460,2
2461,2
2462,2
2463,2
2464,2
2465,4
2466,0
2467,1
2468,0
2469,2
2470,0
2471,1
2472,0
2473,1
2474,0
2475,1
2476,2
2477,0
2478,1
2479,0
2480,0
2481,0
2482,0
2483,1
2484,0
2485,0
2486,0
2487,0
2488,0
2489,2
2490,0
2491,2
2492,0
2493,4
2494,1
2495,2
2496,0
2497,1
2498,0
2499,1
2500,2
2501,0
2502,2
2503,1
2504,1
2505,0
2506,0
2507,2
2508,2
2509,0
2510,0
2511,2
2512,1
2513,1
2514,1
2515,0
2516,2
2517,1
2518,0
2519,2
2520,0
2521,2
2522,1
2523,0
2524,2
2525,2
2526,1
2527,0
2528,0
2529,0
2530,1
2531,1
2532,0
2533,0
2534,2
2535,0
2536,0
2537,1
2538,3
2539,2
2540,1
2541,0
2542,0
2543,1
2544,0
2545,0
2546,0
2547,2
2548,2
2549,2
2550,2
2551,2
2552,0
2553,2
2554,0
2555,2
2556,0
2557,0
2558,0
2559,0
2560,0
2561,2
2562,0
2563,2
2564,0
2565,0
2566,0
2567,1
2568,1
2569,0
2570,1
2571,0
2572,2
2573,1
2574,0
2575,3
2576,1
2577,1
2578,3
2579,0
2580,2
2581,2
2582,1
2583,0
2584,0
2585,1
2586,1
2587,0
2588,0
2589,2
2590,1
2591,1
2592,2
2593,0
2594,4
2595,2
2596,0
2597,1
2598,0
2599,2
2600,1
2601,1
2602,0
2603,0
2604,2
2605,2
2606,2
2607,1
2608,0
2609,0
2610,1
2611,1
2612,1
2613,0
2614,1
2615,2
2616,2
2617,0
2618,2
2619,2
2620,1
2621,2
2622,0
2623,0
2624,0
2625,2
2626,0
2627,0
2628,2
2629,2
2630,3
2631,3
2632,0
2633,2
2634,0
2635,1
2636,0
2637,0
2638,0
2639,2
2640,0
2641,2
2642,2
2643,1
2644,1
2645,0
2646,2
2647,0
2648,0
2649,0
2650,0
2651,0
2652,2
2653,0
2654,0
2655,0
2656,2
2657,1
2658,2
2659,0
2660,1
2661,2
2662,0
2663,2
2664,2
2665,0
2666,3
2667,0
2668,2
2669,0
2670,1
2671,2
2672,0
2673,3
2674,0
2675,0
2676,0
2677,0
2678,1
2679,1
2680,2
2681,3
2682,3
2683,0
2684,2
2685,0
2686,1
2687,1
2688,3
2689,0
2690,1
2691,0
2692,1
2693,1
2694,2
2695,0
2696,2
2697,1
2698,0
2699,1
2700,1
2701,0
2702,2
2703,2
2704,2
2705,0
2706,0
2707,2
2708,0
2709,2
2710,1
2711,1
2712,1
2713,0
2714,2
2715,0
2716,0
2717,0
2718,1
2719,2
2720,2
2721,1
2722,1
2723,2
2724,0
2725,1
2726,3
2727,2
2728,0
2729,0
2730,2
2731,2
2732,1
2733,2
2734,0
2735,1
2736,0
2737,1
2738,0
2739,0
2740,0
2741,1
2742,0
2743,0
2744,0
2745,2
2746,1
2747,1
2748,1
2749,0
2750,2
2751,3
2752,0
2753,1
2754,2
2755,2
2756,1
2757,0
2758,1
2759,1
2760,0
2761,2
2762,0
2763,0
2764,0
2765,0
2766,2
2767,2
2768,0
2769,0
2770,2
2771,1
2772,0
2773,0
2774,2
2775,0
2776,2
2777,1
2778,0
2779,1
2780,1
2781,1
2782,1
2783,0
2784,1
2785,0
2786,1
2787,0
2788,0
2789,2
2790,0
2791,2
2792,2
2793,1
2794,0
2795,3
2796,2
2797,0
2798,1
2799,0
2800,1
2801,2
2802,2
2803,0
2804,1
2805,2
2806,1
2807,0
2808,2
2809,2
2810,0
2811,1
2812,0
2813,1
2814,0
2815,1
2816,0
2817,0
2818,0
2819,0
2820,3
2821,1
2822,0
2823,0
2824,1
2825,2
2826,2
2827,0
2828,3
2829,1
2830,1
2831,3
2832,0
2833,0
2834,2
2835,2
2836,0
2837,0
2838,3
2839,2
2840,0
2841,2
2842,0
2843,3
2844,2
2845,2
2846,0
2847,1
2848,2
2849,1
2850,0
2851,0
2852,1
2853,1
2854,0
2855,0
2856,0
2857,1
2858,0
2859,0
2860,0
2861,1
2862,2
2863,2
2864,0
2865,1
2866,0
2867,1
2868,1
2869,1
2870,0
2871,0
2872,0
2873,0
2874,1
2875,1
2876,3
2877,1
2878,0
2879,2
2880,1
2881,0
2882,2
2883,2
2884,1
2885,0
2886,0
2887,1
2888,2
2889,0
2890,2
2891,0
2892,2
2893,1
2894,0
2895,2
2896,1
2897,2
2898,0
2899,3
2900,1
2901,3
2902,4
2903,1
2904,1
2905,2
2906,0
2907,0
2908,0
2909,0
2910,0
2911,2
2912,0
2913,0
2914,0
2915,0
2916,0
2917,0
2918,0
2919,2
2920,0
2921,0
2922,2
2923,0
2924,3
2925,0
2926,1
2927,2
2928,0
2929,1
2930,0
2931,2
2932,0
2933,2
2934,0
2935,1
2936,0
2937,1
2938,0
2939,0
2940,2
2941,0
2942,2
2943,0
2944,0
2945,3
2946,0
2947,2
2948,2
2949,0
2950,0
2951,0
2952,0
2953,0
2954,0
2955,0
2956,2
2957,0
2958,2
2959,0
2960,0
2961,0
2962,2
2963,1
2964,2
2965,0
2966,2
2967,0
2968,1
2969,1
2970,1
2971,3
2972,0
2973,0
2974,0
2975,0
2976,2
2977,0
2978,1
2979,0
2980,2
2981,2
2982,0
2983,1
2984,0
2985,1
2986,2
2987,3
2988,1
2989,2
2990,0
2991,2
2992,2
2993,1
2994,0
2995,0
2996,1
2997,2
2998,1
2999,4
3000,3
3001,0
3002,1
3003,0
3004,0
3005,3
3006,0
3007,1
3008,2
3009,1
3010,2
3011,0
3012,0
3013,0
3014,1
3015,1
3016,1
3017,1
3018,2
3019,0
3020,3
3021,2
3022,1
3023,2
3024,0
3025,1
3026,3
3027,0
3028,3
3029,2
3030,1
3031,0
3032,2
3033,2
3034,0
3035,2
3036,0
3037,0
3038,1
3039,2
3040,0
3041,0
3042,2
3043,2
3044,1
3045,0
3046,0
3047,0
3048,0
3049,1
3050,1
3051,0
3052,1
3053,0
3054,2
3055,0
3056,0
3057,1
3058,2
3059,0
3060,2
3061,0
3062,2
3063,2
3064,0
3065,2
3066,0
3067,3
3068,0
3069,0
3070,0
3071,0
3072,1
3073,1
3074,2
3075,2
3076,1
3077,0
3078,0
3079,0
3080,1
3081,0
3082,1
3083,0
3084,0
3085,0
3086,1
3087,0
3088,0
3089,0
3090,0
3091,0
3092,2
3093,1
3094,2
3095,1
3096,3
3097,1
3098,0
3099,0
3100,1
3101,0
3102,1
3103,1
3104,0
3105,0
3106,2
3107,3
3108,0
3109,2
3110,3
3111,0
3112,0
3113,2
3114,1
3115,3
3116,2
3117,0
3118,0
3119,0
3120,3
3121,0
3122,1
3123,2
3124,0
3125,0
3126,0
3127,0
3128,0
3129,2
3130,2
3131,0
3132,0
3133,1
3134,1
3135,0
3136,1
3137,0
3138,3
3139,1
3140,3
3141,2
3142,2
3143,1
3144,1
3145,1
3146,0
3147,0
3148,2
3149,1
3150,1
3151,2
3152,3
3153,0
3154,2
3155,0
3156,1
3157,1
3158,0
3159,0
3160,1
3161,0
3162,0
3163,0
3164,1
3165,0
3166,2
3167,1
3168,0
3169,2
3170,1
3171,1
3172,1
3173,2
3174,0
3175,1
3176,1
3177,1
3178,0
3179,1
3180,0
3181,2
3182,2
3183,0
3184,2
3185,0
3186,3
3187,3
3188,0
3189,0
3190,0
3191,0
3192,2
3193,1
3194,1
3195,3
3196,0
3197,1
3198,1
3199,0
3200,0
3201,2
3202,0
3203,1
3204,1
3205,0
3206,0
3207,3
3208,3
3209,0
3210,1
3211,1
3212,0
3213,2
3214,1
3215,0
3216,2
3217,0
3218,0
3219,2
3220,0
3221,1
3222,0
3223,0
3224,2
3225,1
3226,2
3227,1
3228,1
3229,0
3230,0
3231,1
3232,1
3233,0
3234,1
3235,0
3236,0
3237,2
3238,0
3239,1
3240,0
3241,0
3242,1
3243,1
3244,0
3245,2
3246,1
3247,2
3248,1
3249,1
3250,0
3251,0
3252,0
3253,0
3254,0
3255,1
3256,3
3257,0
3258,2
3259,0
3260,0
3261,0
3262,0
3263,0
3264,0
3265,2
3266,2
3267,1
3268,0
3269,1
3270,2
3271,1
3272,0
3273,0
3274,1
3275,0
3276,3
3277,3
3278,2
3279,2
3280,0
3281,2
3282,0
3283,1
3284,1
3285,2
3286,1
3287,0
3288,2
3289,1
3290,1
3291,1
3292,0
3293,1
3294,0
3295,2
3296,0
3297,2
3298,1
3299,0
3300,1
3301,1
3302,0
3303,0
3304,2
3305,2
3306,1
3307,2
3308,0
3309,1
3310,0
3311,0
3312,2
3313,1
3314,2
3315,2
3316,1
3317,0
3318,0
3319,0
3320,2
3321,0
3322,0
3323,1
3324,2
3325,0
3326,2
3327,3
3328,1
3329,2
3330,2
3331,0
3332,3
3333,1
3334,0
3335,0
3336,0
3337,1
3338,0
3339,1
3340,0
3341,2
3342,2
3343,0
3344,0
3345,1
3346,0
3347,1
3348,1
3349,1
3350,0
3351,0
3352,3
3353,1
3354,2
3355,3
3356,4
3357,0
3358,0
3359,1
3360,1
3361,3
3362,0
3363,3
3364,2
3365,2
3366,0
3367,2
3368,0
3369,0
3370,0
3371,2
3372,0
3373,2
3374,1
3375,0
3376,0
3377,0
3378,0
3379,0
3380,0
3381,0
3382,1
3383,2
3384,1
3385,0
3386,0
3387,0
3388,1
3389,3
3390,2
3391,0
3392,1
3393,1
3394,1
3395,2
3396,1
3397,2
3398,2
3399,0
3400,2
3401,1
3402,2
3403,2
3404,2
3405,0
3406,1
3407,2
3408,1
3409,3
3410,1
3411,1
3412,0
3413,1
3414,1
3415,0
3416,1
3417,3
3418,0
3419,2
3420,2
3421,0
3422,1
3423,2
3424,0
3425,1
3426,0
3427,1
3428,1
3429,1
3430,1
3431,1
3432,1
3433,2
3434,1
3435,2
3436,0
3437,2
3438,1
3439,0
3440,2
3441,3
3442,1
3443,1
3444,3
3445,2
3446,0
3447,1
3448,2
3449,1
3450,0
3451,0
3452,0
3453,0
3454,1
3455,0
3456,3
3457,1
3458,1
3459,1
3460,0
3461,0
3462,0
3463,0
3464,1
3465,0
3466,1
3467,0
3468,0
3469,2
3470,0
3471,1
3472,3
3473,1
3474,0
3475,1
3476,0
3477,1
3478,3
3479,2
3480,0
3481,2
3482,1
3483,0
3484,0
3485,1
3486,0
3487,0
3488,0
3489,2
3490,2
3491,0
3492,0
3493,0
3494,1
3495,0
3496,1
3497,0
3498,0
3499,2
3500,1
3501,1
3502,2
3503,1
3504,1
3505,2
3506,1
3507,2
3508,1
3509,0
3510,2
3511,2
3512,0
3513,0
3514,0
3515,0
3516,0
3517,3
3518,1
3519,2
3520,0
3521,1
3522,0
3523,0
3524,2
3525,0
3526,0
3527,1
3528,1
3529,2
3530,2
3531,0
3532,0
3533,0
3534,1
3535,2
3536,0
3537,2
3538,0
3539,3
3540,0
3541,0
3542,0
3543,1
3544,2
3545,0
3546,2
3547,1
3548,1
3549,0
3550,0
3551,0
3552,0
3553,2
3554,0
3555,1
3556,1
3557,0
3558,2
3559,0
3560,1
3561,0
3562,0
3563,2
3564,0
3565,1
3566,1
3567,3
3568,0
3569,0
3570,0
3571,0
3572,1
3573,2
3574,2
3575,2
3576,0
3577,3
3578,2
3579,1
3580,1
3581,2
3582,0
3583,0
3584,0
3585,0
3586,0
3587,1
3588,0
3589,1
3590,0
3591,1
3592,3
3593,1
3594,0
3595,1
3596,3
3597,1
3598,0
3599,1
3600,1
3601,2
3602,1
3603,0
3604,0
3605,1
3606,1
3607,1
3608,3
3609,1
3610,0
3611,0
3612,1
3613,0
3614,1
3615,2
3616,2
3617,0
3618,0
3619,3
3620,3
3621,0
3622,1
3623,0
3624,0
3625,3
3626,2
3627,0
3628,2
3629,1
3630,0
3631,0
3632,0
3633,2
3634,2
3635,0
3636,1
3637,0
3638,0
3639,0
3640,1
3641,2
3642,0
3643,2
3644,1
3645,1
3646,1
3647,1
3648,1
3649,1
3650,2
3651,2
3652,0
3653,0
3654,1
3655,0
3656,0
3657,0
3658,2
3659,0
3660,0
3661,3
3662,1
3663,0
3664,2
3665,1
3666,1
3667,0
3668,1
3669,1
3670,1
3671,0
3672,0
3673,2
3674,0
3675,0
3676,0
3677,0
3678,1
3679,1
3680,1
3681,0
3682,0
3683,2
3684,0
3685,0
3686,0
3687,2
3688,0
3689,1
3690,0
3691,0
3692,0
3693,2
3694,0
3695,0
3696,2
3697,2
3698,0
3699,1
3700,2
3701,4
3702,0
3703,0
3704,1
3705,0
3706,3
3707,2
3708,0
3709,1
3710,1
3711,2
3712,1
3713,1
3714,0
3715,2
3716,1
3717,1
3718,0
3719,0
3720,0
3721,1
3722,0
3723,1
3724,3
3725,4
3726,1
3727,1
3728,0
3729,3
3730,2
3731,0
3732,0
3733,2
3734,2
3735,0
3736,3
3737,0
3738,3
3739,1
3740,2
3741,0
3742,1
3743,1
3744,3
3745,1
3746,1
3747,1
3748,2
3749,1
3750,1
3751,0
3752,1
3753,1
3754,2
3755,2
3756,0
3757,0
3758,2
3759,0
3760,1
3761,2
3762,0
3763,0
3764,1
3765,2
3766,1
3767,3
3768,0
3769,1
3770,1
3771,0
3772,1
3773,1
3774,1
3775,0
3776,0
3777,1
3778,1
3779,0
3780,0
3781,1
3782,0
3783,0
3784,1
3785,0
3786,1
3787,3
3788,1
3789,0
3790,1
3791,0
3792,0
3793,1
3794,0
3795,0
3796,1
3797,0
3798,2
3799,2
3800,2
3801,1
3802,1
3803,2
3804,0
3805,0
3806,0
3807,1
3808,0
3809,1
3810,0
3811,0
3812,3
3813,1
3814,2
3815,0
3816,0
3817,1
3818,0
3819,1
3820,0
3821,1
3822,0
3823,0
3824,1
3825,0
3826,0
3827,0
3828,0
3829,1
3830,1
3831,0
3832,1
3833,1
3834,1
3835,0
3836,0
3837,3
3838,0
3839,0
3840,0
3841,0
3842,0
3843,1
3844,0
3845,2
3846,2
3847,0
3848,1
3849,0
3850,0
3851,1
3852,2
3853,1
3854,0
3855,1
3856,2
3857,3
3858,0
3859,1
3860,0
3861,0
3862,2
3863,1
3864,1
3865,0
3866,1
3867,0
3868,1
3869,0
3870,2
3871,0
3872,2
3873,1
3874,4
3875,2
3876,2
3877,1
3878,0
3879,1
3880,0
3881,0
3882,1
3883,0
3884,2
3885,0
3886,1
3887,1
3888,1
3889,3
3890,3
3891,2
3892,3
3893,0
3894,1
3895,1
3896,2
3897,0
3898,0
3899,2
3900,1
3901,2
3902,0
3903,4
3904,0
3905,1
3906,1
3907,0
3908,1
3909,0
3910,1
3911,1
3912,0
3913,0
3914,1
3915,1
3916,0
3917,1
3918,1
3919,2
3920,2
3921,0
3922,0
3923,1
3924,1
3925,0
3926,2
3927,0
3928,1
3929,3
3930,0
3931,3
3932,0
3933,1
3934,0
3935,1
3936,0
3937,1
3938,2
3939,3
3940,0
3941,1
3942,0
3943,0
3944,2
3945,1
3946,2
3947,1
3948,0
3949,2
3950,2
3951,2
3952,0
3953,1
3954,0
3955,3
3956,1
3957,0
3958,0
3959,2
3960,1
3961,3
3962,0
3963,0
3964,1
3965,0
3966,0
3967,2
3968,1
3969,1
3970,1
3971,2
3972,2
3973,0
3974,0
3975,1
3976,1
3977,1
3978,0
3979,2
3980,1
3981,2
3982,0
3983,1
3984,1
3985,0
3986,1
3987,1
3988,2
3989,1
3990,1
3991,0
3992,0
3993,2
3994,3
3995,1
3996,2
3997,3
3998,1
3999,2
4000,1
4001,0
4002,0
4003,0
4004,1
4005,2
4006,1
4007,1
4008,1
4009,0
4010,2
4011,1
4012,0
4013,0
4014,1
4015,0
4016,1
4017,0
4018,1
4019,0
4020,1
4021,0
4022,0
4023,1
4024,1
4025,0
4026,2
4027,0
4028,1
4029,1
4030,0
4031,2
4032,0
4033,1
4034,2
4035,0
4036,1
4037,2
4038,1
4039,1
4040,0
4041,0
4042,0
4043,2
4044,0
4045,0
4046,1
4047,0
4048,2
4049,0
4050,1
4051,1
4052,0
4053,2
4054,2
4055,0
4056,0
4057,1
4058,2
4059,1
4060,0
4061,1
4062,2
4063,0
4064,1
4065,1
4066,2
4067,1
4068,2
4069,1
4070,3
4071,1
4072,2
4073,0
4074,0
4075,1
4076,1
4077,2
4078,0
4079,0
4080,2
4081,1
4082,2
4083,3
4084,1
4085,0
4086,2
4087,0
4088,2
4089,0
4090,0
4091,1
4092,0
4093,0
4094,2
4095,0
4096,3
4097,1
4098,1
4099,0
4100,2
4101,0
4102,2
4103,0
4104,0
4105,3
4106,0
4107,1
4108,2
4109,0
4110,2
4111,0
4112,2
4113,2
4114,0
4115,0
4116,0
4117,1
4118,1
4119,2
4120,0
4121,3
4122,0
4123,0
4124,0
4125,0
4126,0
4127,2
4128,1
4129,3
4130,0
4131,0
4132,1
4133,1
4134,1
4135,1
4136,1
4137,2
4138,2
4139,0
4140,0
4141,0
4142,0
4143,0
4144,0
4145,0
4146,1
4147,0
4148,2
4149,1
4150,0
4151,0
4152,0
4153,2
4154,1
4155,0
4156,2
4157,0
4158,3
4159,1
4160,0
4161,1
4162,2
4163,2
4164,0
4165,2
4166,0
4167,0
4168,3
4169,2
4170,0
4171,0
4172,1
4173,0
4174,2
4175,2
4176,0
4177,1
4178,2
4179,0
4180,0
4181,1
4182,1
4183,3
4184,0
4185,1
4186,2
4187,3
4188,0
4189,0
4190,1
4191,1
4192,1
4193,0
4194,2
4195,0
4196,2
4197,0
4198,0
4199,0
4200,1
4201,3
4202,0
4203,0
4204,0
4205,0
4206,2
4207,0
4208,2
4209,0
4210,0
4211,0
4212,1
4213,3
4214,2
4215,2
4216,0
4217,2
4218,1
4219,1
4220,0
4221,2
4222,0
4223,0
4224,2
4225,1
4226,0
4227,1
4228,1
4229,1
4230,0
4231,1
4232,0
4233,0
4234,0
4235,1
4236,0
4237,1
4238,0
4239,1
4240,1
4241,1
4242,2
4243,1
4244,3
4245,1
4246,0
4247,2
4248,1
4249,1
4250,0
4251,3
4252,2
4253,1
4254,1
4255,0
4256,0
4257,0
4258,1
4259,0
4260,0
4261,1
4262,1
4263,0
4264,0
4265,3
4266,2
4267,3
4268,0
4269,3
4270,1
4271,1
4272,2
4273,1
4274,0
4275,3
4276,1
4277,2
4278,1
4279,2
4280,2
4281,3
4282,1
4283,0
4284,0
4285,1
4286,0
4287,0
4288,0
4289,0
4290,2
4291,0
4292,2
4293,0
4294,2
4295,1
4296,0
4297,1
4298,0
4299,0
4300,2
4301,0
4302,1
4303,1
4304,2
4305,2
4306,0
4307,0
4308,0
4309,2
4310,0
4311,0
4312,2
4313,1
4314,0
4315,1
4316,3
4317,0
4318,1
4319,1
4320,0
4321,1
4322,1
4323,2
4324,0
4325,0
4326,1
4327,1
4328,2
4329,1
4330,1
4331,0
4332,0
4333,0
4334,1
4335,1
4336,2
4337,2
4338,0
4339,3
4340,2
4341,1
4342,1
4343,1
4344,1
4345,0
4346,2
4347,1
4348,3
4349,1
4350,1
4351,2
4352,2
4353,0
4354,0
4355,2
4356,0
4357,3
4358,1
4359,1
4360,2
4361,2
4362,0
4363,1
4364,0
4365,2
4366,2
4367,0
4368,1
4369,0
4370,0
4371,2
4372,1
4373,2
4374,0
4375,3
4376,0
4377,0
4378,1
4379,1
4380,1
4381,2
4382,2
4383,2
4384,2
4385,2
4386,0
4387,2
4388,2
4389,2
4390,1
4391,0
4392,0
4393,0
4394,0
4395,2
4396,0
4397,3
4398,1
4399,0
4400,0
4401,2
4402,1
4403,0
4404,0
4405,0
4406,1
4407,0
4408,3
4409,1
4410,0
4411,2
4412,2
4413,1
4414,1
4415,1
4416,1
4417,0
4418,1
4419,0
4420,1
4421,1
4422,1
4423,0
4424,1
4425,1
4426,0
4427,2
4428,2
4429,0
4430,0
4431,1
4432,0
4433,1
4434,2
4435,0
4436,2
4437,0
4438,0
4439,2
4440,0
4441,2
4442,2
4443,0
4444,0
4445,2
4446,0
4447,2
4448,0
4449,1
4450,2
4451,2
4452,0
4453,1
4454,1
4455,1
4456,1
4457,2
4458,2
4459,1
4460,1
4461,0
4462,0
4463,0
4464,0
4465,1
4466,0
4467,2
4468,1
4469,0
4470,1
4471,1
4472,0
4473,2
4474,0
4475,1
4476,0
4477,0
4478,1
4479,1
4480,0
4481,2
4482,0
4483,0
4484,1
4485,0
4486,1
4487,0
4488,0
4489,0
4490,2
4491,0
4492,1
4493,1
4494,2
4495,2
4496,0
4497,2
4498,0
4499,2
4500,1
4501,0
4502,1
4503,1
4504,2
4505,2
4506,2
4507,0
4508,1
4509,1
4510,1
4511,1
4512,0
4513,0
4514,0
4515,2
4516,0
4517,0
4518,0
4519,1
4520,3
4521,1
4522,2
4523,0
4524,2
4525,1
4526,2
4527,0
4528,0
4529,1
4530,0
4531,0
4532,0
4533,0
4534,1
4535,0
4536,1
4537,0
4538,0
4539,1
4540,3
4541,2
4542,2
4543,0
4544,0
4545,0
4546,2
4547,0
4548,0
4549,0
4550,1
4551,2
4552,3
4553,0
4554,0
4555,0
4556,3
4557,2
4558,0
4559,0
4560,0
4561,1
4562,0
4563,4
4564,2
4565,3
4566,0
4567,2
4568,0
4569,0
4570,2
4571,0
4572,0
4573,1
4574,1
4575,2
4576,0
4577,0
4578,0
4579,0
4580,2
4581,2
4582,1
4583,0
4584,0
4585,2
4586,0
4587,1
4588,1
4589,1
4590,0
4591,1
4592,1
4593,0
4594,1
4595,0
4596,0
4597,1
4598,1
4599,0
4600,0
4601,0
4602,1
4603,0
4604,0
4605,1
4606,0
4607,2
4608,0
4609,0
4610,2
4611,0
4612,2
4613,0
4614,3
4615,0
4616,1
4617,4
4618,1
4619,0
4620,1
4621,0
4622,0
4623,2
4624,0
4625,1
4626,1
4627,2
4628,3
4629,0
4630,0
4631,1
4632,1
4633,0
4634,1
4635,2
4636,1
4637,0
4638,1
4639,0
4640,1
4641,2
4642,0
4643,1
4644,2
4645,3
4646,0
4647,2
4648,1
4649,0
4650,1
4651,2
4652,1
4653,2
4654,0
4655,2
4656,0
4657,0
4658,2
4659,0
4660,1
4661,1
4662,2
4663,2
4664,1
4665,2
4666,2
4667,2
4668,1
4669,1
4670,0
4671,0
4672,2
4673,2
4674,2
4675,0
4676,1
4677,1
4678,0
4679,0
4680,1
4681,1
4682,0
4683,2
4684,0
4685,2
4686,1
4687,0
4688,1
4689,1
4690,1
4691,1
4692,1
4693,3
4694,2
4695,2
4696,1
4697,1
4698,0
4699,0
4700,0
4701,0
4702,2
4703,2
4704,1
4705,0
4706,0
4707,0
4708,2
4709,1
4710,0
4711,2
4712,2
4713,0
4714,2
4715,0
4716,1
4717,2
4718,0
4719,2
4720,2
4721,3
4722,2
4723,1
4724,1
4725,1
4726,1
4727,2
4728,0
4729,0
4730,2
4731,1
4732,3
4733,0
4734,3
4735,1
4736,0
4737,1
4738,2
4739,0
4740,2
4741,1
4742,2
4743,0
4744,1
4745,1
4746,0
4747,0
4748,2
4749,0
4750,0
4751,0
4752,2
4753,1
4754,2
4755,3
4756,0
4757,2
4758,2
4759,0
4760,2
4761,1
4762,0
4763,0
4764,1
4765,3
4766,1
4767,0
4768,2
4769,0
4770,0
4771,1
4772,0
4773,1
4774,1
4775,2
4776,2
4777,0
4778,1
4779,0
4780,2
4781,0
4782,1
4783,0
4784,0
4785,1
4786,0
4787,2
4788,0
4789,1
4790,1
4791,0
4792,3
4793,1
4794,1
4795,2
4796,0
4797,0
4798,3
4799,1
4800,1
4801,0
4802,0
4803,0
4804,0
4805,1
4806,0
4807,2
4808,2
4809,1
4810,3
4811,0
4812,2
4813,0
4814,1
4815,2
4816,0
4817,0
4818,3
4819,0
4820,1
4821,1
4822,0
4823,1
4824,2
4825,2
4826,0
4827,1
4828,1
4829,1
4830,3
4831,1
4832,0
4833,0
4834,0
4835,1
4836,0
4837,0
4838,3
4839,1
4840,1
4841,1
4842,2
4843,2
4844,2
4845,2
4846,0
4847,0
4848,3
4849,1
4850,2
4851,0
4852,1
4853,0
4854,2
4855,0
4856,1
4857,1
4858,1
4859,0
4860,0
4861,0
4862,0
4863,4
4864,3
4865,0
4866,1
4867,0
4868,2
4869,2
4870,1
4871,0
4872,0
4873,2
4874,0
4875,2
4876,1
4877,1
4878,0
4879,0
4880,0
4881,2
4882,0
4883,0
4884,3
4885,4
4886,1
4887,2
4888,1
4889,0
4890,2
4891,1
4892,1
4893,2
4894,0
4895,0
4896,0
4897,2
4898,0
4899,0
4900,1
4901,0
4902,2
4903,2
4904,1
4905,0
4906,3
4907,0
4908,0
4909,0
4910,1
4911,0
4912,0
4913,1
4914,1
4915,3
4916,1
4917,0
4918,0
4919,0
4920,2
4921,2
4922,0
4923,2
4924,0
4925,3
4926,0
4927,1
4928,0
4929,0
4930,2
4931,1
4932,0
4933,2
4934,2
4935,0
4936,0
4937,1
4938,0
4939,1
4940,1
4941,0
4942,1
4943,0
4944,2
4945,0
4946,0
4947,0
4948,0
4949,2
4950,2
4951,0
4952,3
4953,0
4954,2
4955,1
4956,2
4957,0
4958,1
4959,0
4960,1
4961,2
4962,2
4963,0
4964,4
4965,0
4966,0
4967,2
4968,0
4969,1
4970,1
4971,1
4972,2
4973,1
4974,2
4975,2
4976,2
4977,1
4978,1
4979,0
4980,1
4981,0
4982,0
4983,1
4984,3
4985,2
4986,1
4987,2
4988,2
4989,1
4990,0
4991,0
4992,0
4993,0
4994,1
4995,2
4996,3
4997,2
4998,0
4999,0
5000,0
5001,1
5002,0
5003,1
5004,2
5005,1
5006,1
5007,0
5008,3
5009,0
5010,1
5011,1
5012,0
5013,1
5014,3
5015,2
5016,1
5017,0
5018,1
5019,0
5020,0
5021,1
5022,0
5023,0
5024,1
5025,1
5026,3
5027,2
5028,0
5029,0
5030,0
5031,2
5032,1
5033,0
5034,1
5035,0
5036,0
5037,1
5038,0
5039,2
5040,1
5041,1
5042,0
5043,0
5044,0
5045,0
5046,0
5047,1
5048,2
5049,1
5050,1
5051,0
5052,0
5053,0
5054,2
5055,2
5056,0
5057,2
5058,2
5059,0
5060,1
5061,1
5062,0
5063,1
5064,2
5065,3
5066,2
5067,1
5068,1
5069,1
5070,1
5071,1
5072,2
5073,2
5074,3
5075,0
5076,1
5077,3
5078,0
5079,1
5080,0
5081,1
5082,2
5083,0
5084,1
5085,2
5086,1
5087,0
5088,2
5089,1
5090,1
5091,1
5092,2
5093,0
5094,1
5095,0
5096,2
5097,0
5098,0
5099,1
5100,3
5101,1
5102,1
5103,0
5104,2
5105,0
5106,0
5107,0
5108,0
5109,0
5110,3
5111,3
5112,0
5113,0
5114,1
5115,0
5116,0
5117,0
5118,3
5119,1
5120,0
5121,0
5122,0
5123,1
5124,2
5125,0
5126,0
5127,0
5128,0
5129,1
5130,0
5131,1
5132,0
5133,1
5134,0
5135,0
5136,1
5137,1
5138,2
5139,0
5140,2
5141,0
5142,2
5143,1
5144,2
5145,0
5146,0
5147,2
5148,0
5149,1
5150,2
5151,1
5152,1
5153,2
5154,2
5155,1
5156,0
5157,1
5158,2
5159,0
5160,0
5161,0
5162,1
5163,1
5164,0
5165,0
5166,0
5167,0
5168,0
5169,1
5170,2
5171,0
5172,0
5173,0
5174,0
5175,1
5176,1
5177,0
5178,1
5179,0
5180,1
5181,1
5182,0
5183,2
5184,1
5185,1
5186,0
5187,1
5188,1
5189,0
5190,0
5191,2
5192,0
5193,2
5194,1
5195,2
5196,2
5197,2
5198,1
5199,2
5200,1
5201,2
5202,0
5203,0
5204,2
5205,0
5206,1
5207,0
5208,1
5209,1
5210,0
5211,0
5212,0
5213,1
5214,0
5215,1
5216,1
5217,0
5218,0
5219,2
5220,0
5221,1
5222,2
5223,1
5224,0
5225,2
5226,0
5227,1
5228,3
5229,0
5230,0
5231,0
5232,1
5233,2
5234,1
5235,1
5236,2
5237,0
5238,3
5239,0
5240,0
5241,0
5242,0
5243,0
5244,2
5245,2
5246,0
5247,0
5248,0
5249,2
5250,1
5251,0
5252,0
5253,0
5254,0
5255,2
5256,0
5257,0
5258,1
5259,1
5260,2
5261,3
5262,3
5263,0
5264,0
5265,2
5266,2
5267,0
5268,0
5269,0
5270,0
5271,2
5272,0
5273,1
5274,0
5275,1
5276,1
5277,1
5278,1
5279,2
5280,2
5281,1
5282,2
5283,2
5284,0
5285,1
5286,2
5287,1
5288,3
5289,0
5290,2
5291,0
5292,0
5293,2
5294,0
5295,3
5296,2
5297,1
5298,2
5299,3
5300,2
5301,1
5302,0
5303,2
5304,0
5305,0
5306,2
5307,2
5308,0
5309,0
5310,2
5311,2
5312,0
5313,0
5314,0
5315,0
5316,2
5317,2
5318,1
5319,1
5320,1
5321,1
5322,2
5323,2
5324,0
5325,1
5326,0
5327,4
5328,1
5329,0
5330,0
5331,2
5332,0
5333,1
5334,0
5335,2
5336,0
5337,1
5338,1
5339,0
5340,2
5341,3
5342,0
5343,0
5344,0
5345,0
5346,1
5347,0
5348,0
5349,1
5350,2
5351,1
5352,1
5353,0
5354,1
5355,1
5356,0
5357,1
5358,0
5359,0
5360,0
5361,0
5362,0
5363,2
5364,3
5365,1
5366,0
5367,0
5368,0
5369,2
5370,2
5371,1
5372,2
5373,1
5374,0
5375,1
5376,0
5377,2
5378,2
5379,2
5380,0
5381,0
5382,0
5383,0
5384,1
5385,2
5386,0
5387,1
5388,2
5389,1
5390,2
5391,1
5392,1
5393,2
5394,2
5395,1
5396,3
5397,1
5398,0
5399,1
5400,2
5401,2
5402,0
5403,0
5404,0
5405,0
5406,2
5407,0
5408,1
5409,0
5410,0
5411,2
5412,0
5413,1
5414,0
5415,2
5416,1
5417,1
5418,1
5419,0
5420,0
5421,1
5422,0
5423,0
5424,2
5425,0
5426,1
5427,1
5428,3
5429,2
5430,2
5431,0
5432,0
5433,0
5434,0
5435,0
5436,1
5437,1
5438,0
5439,1
5440,0
5441,2
5442,2
5443,0
5444,0
5445,1
5446,0
5447,0
5448,1
5449,1
5450,1
5451,1
5452,0
5453,0
5454,2
5455,0
5456,2
5457,2
5458,2
5459,0
5460,2
5461,1
5462,3
5463,1
5464,0
5465,2
5466,0
5467,0
5468,1
5469,0
5470,2
5471,0
5472,2
5473,1
5474,1
5475,2
5476,1
5477,2
5478,0
5479,3
5480,1
5481,1
5482,0
5483,0
5484,3
5485,1
5486,1
5487,0
5488,0
5489,1
5490,2
5491,2
5492,2
5493,0
5494,0
5495,1
5496,3
5497,1
5498,0
5499,2
5500,0
5501,1
5502,1
5503,1
5504,0
5505,0
5506,0
5507,2
5508,0
5509,1
5510,2
5511,3
5512,0
5513,0
5514,2
5515,0
5516,1
5517,2
5518,3
5519,0
5520,0
5521,1
5522,3
5523,1
5524,1
5525,0
5526,2
5527,1
5528,2
5529,0
5530,0
5531,0
5532,0
5533,2
5534,1
5535,0
5536,1
5537,0
5538,3
5539,2
5540,2
5541,0
5542,0
5543,2
5544,1
5545,2
5546,0
5547,1
5548,1
5549,0
5550,2
5551,1
5552,2
5553,2
5554,0
5555,1
5556,0
5557,0
5558,1
5559,1
5560,0
5561,1
5562,2
5563,0
5564,0
5565,0
5566,1
5567,0
5568,1
5569,0
5570,1
5571,1
5572,0
5573,0
5574,2
5575,1
5576,1
5577,1
5578,0
5579,2
5580,1
5581,0
5582,0
5583,1
5584,3
5585,0
5586,1
5587,1
5588,1
5589,0
5590,0
5591,0
5592,0
5593,0
5594,0
5595,0
5596,1
5597,0
5598,3
5599,0
5600,0
5601,1
5602,0
5603,0
5604,0
5605,0
5606,2
5607,0
5608,0
5609,0
5610,1
5611,1
5612,0
5613,1
5614,0
5615,1
5616,1
5617,2
5618,1
5619,0
5620,0
5621,0
5622,1
5623,0
5624,1
5625,0
5626,0
5627,0
5628,2
5629,0
5630,0
5631,0
5632,2
5633,0
5634,0
5635,3
5636,0
5637,1
5638,1
5639,0
5640,0
5641,2
5642,2
5643,1
5644,0
5645,2
5646,1
5647,2
5648,2
5649,1
5650,1
5651,0
5652,1
5653,0
5654,0
5655,0
5656,1
5657,2
5658,0
5659,0
5660,1
5661,2
5662,2
5663,0
5664,2
5665,0
5666,2
5667,2
5668,1
5669,0
5670,1
5671,4
5672,2
5673,1
5674,3
5675,1
5676,2
5677,1
5678,1
5679,0
5680,2
5681,1
5682,4
5683,0
5684,1
5685,0
5686,2
5687,0
5688,0
5689,2
5690,3
5691,2
5692,0
5693,1
5694,2
5695,0
5696,2
5697,0
5698,1
5699,1
5700,0
5701,0
5702,2
5703,0
5704,2
5705,0
5706,2
5707,2
5708,0
5709,1
5710,2
5711,1
5712,1
5713,1
5714,0
5715,0
5716,0
5717,0
5718,3
5719,1
5720,1
5721,2
5722,1
5723,0
5724,0
5725,0
5726,0
5727,2
5728,0
5729,0
5730,0
5731,1
5732,1
5733,0
5734,1
5735,0
5736,0
5737,0
5738,0
5739,2
5740,0
5741,1
5742,2
5743,0
5744,3
5745,3
5746,0
5747,0
5748,1
5749,0
5750,2
5751,1
5752,0
5753,0
5754,0
5755,0
5756,0
5757,2
5758,0
5759,1
5760,1
5761,1
5762,2
5763,1
5764,0
5765,0
5766,2
5767,0
5768,0
5769,1
5770,0
5771,2
5772,1
5773,0
5774,0
5775,0
5776,0
5777,0
5778,2
5779,0
5780,4
5781,1
5782,0
5783,1
5784,1
5785,1
5786,1
5787,0
5788,1
5789,0
5790,2
5791,1
5792,1
5793,1
5794,2
5795,0
5796,2
5797,2
5798,1
5799,1
5800,0
5801,2
5802,2
5803,2
5804,2
5805,0
5806,1
5807,0
5808,0
5809,0
5810,2
5811,2
5812,0
5813,1
5814,2
5815,2
5816,1
5817,2
5818,0
5819,0
5820,3
5821,1
5822,0
5823,2
5824,1
5825,1
5826,3
5827,0
5828,0
5829,3
5830,3
5831,1
5832,0
5833,0
5834,1
5835,1
5836,0
5837,0
5838,1
5839,3
5840,1
5841,0
5842,1
5843,0
5844,2
5845,0
5846,0
5847,0
5848,0
5849,0
5850,2
5851,1
5852,0
5853,2
5854,1
5855,0
5856,1
5857,0
5858,1
5859,0
5860,0
5861,0
5862,0
5863,1
5864,2
5865,2
5866,0
5867,2
5868,0
5869,1
5870,1
5871,0
5872,0
5873,2
5874,2
5875,3
5876,1
5877,2
5878,2
5879,2
5880,2
5881,2
5882,1
5883,0
5884,0
5885,1
5886,0
5887,0
5888,0
5889,2
5890,3
5891,1
5892,0
5893,0
5894,1
5895,3
5896,2
5897,0
5898,1
5899,0
5900,2
5901,0
5902,0
5903,1
5904,2
5905,0
5906,2
5907,2
5908,0
5909,1
5910,2
5911,1
5912,2
5913,0
5914,0
5915,1
5916,1
5917,0
5918,1
5919,2
5920,0
5921,0
5922,2
5923,1
5924,0
5925,1
5926,1
5927,0
5928,1
5929,2
5930,2
5931,2
5932,2
5933,0
5934,0
5935,2
5936,1
5937,0
5938,2
5939,0
5940,0
5941,0
5942,0
5943,2
5944,0
5945,1
5946,1
5947,0
5948,2
5949,0
5950,0
5951,1
5952,0
5953,1
5954,1
5955,0
5956,1
5957,1
5958,1
5959,1
5960,1
5961,0
5962,1
5963,1
5964,0
5965,1
5966,2
5967,0
5968,0
5969,0
5970,1
5971,1
5972,2
5973,0
5974,2
5975,2
5976,3
5977,2
5978,2
5979,0
5980,1
5981,2
5982,2
5983,1
5984,1
5985,3
5986,0
5987,0
5988,1
5989,1
5990,2
5991,1
5992,1
5993,1
5994,0
5995,2
5996,0
5997,0
5998,0
5999,2
6000,1
6001,2
6002,2
6003,0
6004,2
6005,1
6006,1
6007,0
6008,2
6009,0
6010,0
6011,0
6012,2
6013,1
6014,0
6015,1
6016,0
6017,1
6018,1
6019,0
6020,1
6021,1
6022,0
6023,0
6024,0
6025,1
6026,3
6027,0
6028,1
6029,2
6030,4
6031,1
6032,0
6033,1
6034,3
6035,0
6036,1
6037,1
6038,1
6039,3
6040,0
6041,0
6042,0
6043,1
6044,0
6045,1
6046,1
6047,0
6048,0
6049,1
6050,0
6051,0
6052,0
6053,0
6054,0
6055,3
6056,0
6057,1
6058,0
6059,2
6060,0
6061,0
6062,2
6063,2
6064,0
6065,1
6066,3
6067,1
6068,2
6069,2
6070,2
6071,0
6072,0
6073,1
6074,0
6075,0
6076,1
6077,1
6078,3
6079,2
6080,0
6081,0
6082,1
6083,2
6084,0
6085,1
6086,2
6087,0
6088,2
6089,1
6090,3
6091,0
6092,1
6093,0
6094,0
6095,1
6096,0
6097,2
6098,0
6099,2
6100,0
6101,0
6102,3
6103,3
6104,2
6105,0
6106,0
6107,0
6108,0
6109,0
6110,1
6111,0
6112,0
6113,2
6114,0
6115,0
6116,1
6117,2
6118,1
6119,1
6120,0
6121,0
6122,2
6123,0
6124,1
6125,0
6126,0
6127,0
6128,1
6129,1
6130,1
6131,0
6132,0
6133,2
6134,0
6135,0
6136,2
6137,2
6138,2
6139,0
6140,1
6141,0
6142,2
6143,0
6144,0
6145,2
6146,2
6147,0
6148,0
6149,0
6150,2
6151,1
6152,0
6153,1
6154,0
6155,1
6156,1
6157,3
6158,0
6159,1
6160,1
6161,0
6162,1
6163,0
6164,1
6165,0
6166,0
6167,1
6168,2
6169,0
6170,2
6171,0
6172,0
6173,0
6174,2
6175,0
6176,1
6177,1
6178,0
6179,0
6180,0
6181,0
6182,1
6183,0
6184,1
6185,0
6186,1
6187,2
6188,0
6189,0
6190,0
6191,1
6192,0
6193,0
6194,2
6195,2
6196,1
6197,2
6198,1
6199,2
6200,1
6201,1
6202,1
6203,2
6204,1
6205,1
6206,0
6207,2
6208,2
6209,3
6210,0
6211,0
6212,0
6213,0
6214,0
6215,1
6216,0
6217,2
6218,1
6219,1
6220,1
6221,2
6222,2
6223,1
6224,0
6225,0
6226,2
6227,0
6228,0
6229,0
6230,0
6231,0
6232,0
6233,0
6234,1
6235,0
6236,0
6237,2
6238,2
6239,1
6240,1
6241,0
6242,0
6243,0
6244,0
6245,1
6246,0
6247,1
6248,0
6249,0
6250,0
6251,3
6252,0
6253,0
6254,2
6255,2
6256,1
6257,1
6258,1
6259,2
6260,1
6261,2
6262,2
6263,1
6264,2
6265,0
6266,2
6267,0
6268,2
6269,1
6270,0
6271,0
6272,0
6273,1
6274,0
6275,1
6276,0
6277,2
6278,4
6279,1
6280,2
6281,2
6282,2
6283,0
6284,2
6285,2
6286,0
6287,1
6288,0
6289,2
6290,0
6291,2
6292,1
6293,1
6294,1
6295,0
6296,2
6297,0
6298,2
6299,2
6300,0
6301,2
6302,0
6303,1
6304,1
6305,1
6306,0
6307,1
6308,2
6309,0
6310,1
6311,1
6312,0
6313,3
6314,1
6315,0
6316,1
6317,0
6318,0
6319,1
6320,0
6321,0
6322,0
6323,2
6324,0
6325,0
6326,0
6327,3
6328,0
6329,0
6330,2
6331,1
6332,2
6333,0
6334,0
6335,0
6336,0
6337,0
6338,3
6339,3
6340,1
6341,1
6342,0
6343,2
6344,2
6345,1
6346,2
6347,0
6348,0
6349,2
6350,2
6351,1
6352,1
6353,2
6354,2
6355,2
6356,2
6357,1
6358,0
6359,1
6360,2
6361,1
6362,1
6363,0
6364,2
6365,0
6366,0
6367,0
6368,1
6369,1
6370,1
6371,1
6372,2
6373,0
6374,1
6375,4
6376,1
6377,1
6378,2
6379,0
6380,1
6381,0
6382,3
6383,0
6384,0
6385,0
6386,0
6387,1
6388,0
6389,0
6390,2
6391,0
6392,0
6393,0
6394,0
6395,0
6396,1
6397,1
6398,3
6399,2
6400,1
6401,2
6402,2
6403,0
6404,0
6405,2
6406,3
6407,1
6408,3
6409,0
6410,1
6411,1
6412,3
6413,1
6414,0
6415,2
6416,3
6417,0
6418,1
6419,0
6420,2
6421,0
6422,0
6423,1
6424,0
6425,0
6426,2
6427,2
6428,1
6429,0
6430,1
6431,3
6432,0
6433,2
6434,1
6435,0
6436,2
6437,1
6438,3
6439,0
6440,3
6441,0
6442,3
6443,1
6444,0
6445,0
6446,1
6447,1
6448,0
6449,0
6450,1
6451,0
6452,0
6453,0
6454,2
6455,0
6456,3
6457,0
6458,1
6459,1
6460,0
6461,0
6462,0
6463,1
6464,1
6465,2
6466,2
6467,2
6468,0
6469,1
6470,1
6471,0
6472,1
6473,2
6474,1
6475,0
6476,1
6477,1
6478,1
6479,2
6480,2
6481,1
6482,0
6483,0
6484,2
6485,0
6486,0
6487,1
6488,1
6489,1
6490,3
6491,2
6492,2
6493,1
6494,0
6495,0
6496,2
6497,2
6498,1
6499,2
6500,3
6501,1
6502,0
6503,0
6504,1
6505,0
6506,1
6507,0
6508,1
6509,1
6510,3
6511,1
6512,0
6513,0
6514,1
6515,1
6516,3
6517,1
6518,0
6519,2
6520,2
6521,0
6522,2
6523,0
6524,0
6525,0
6526,2
6527,0
6528,2
6529,0
6530,0
6531,2
6532,3
6533,0
6534,1
6535,0
6536,0
6537,0
6538,2
6539,0
6540,0
6541,2
6542,2
6543,2
6544,2
6545,2
6546,1
6547,1
6548,0
6549,0
6550,1
6551,1
6552,0
6553,0
6554,2
6555,2
6556,0
6557,0
6558,0
6559,2
6560,0
6561,1
6562,2
6563,1
6564,3
6565,2
6566,2
6567,0
6568,0
6569,0
6570,0
6571,1
6572,1
6573,0
6574,0
6575,0
6576,2
6577,2
6578,0
6579,1
6580,0
6581,0
6582,0
6583,0
6584,2
6585,0
6586,2
6587,0
6588,0
6589,0
6590,1
6591,2
6592,0
6593,0
6594,1
6595,3
6596,1
6597,1
6598,1
6599,3
6600,1
6601,0
6602,3
6603,1
6604,0
6605,2
6606,0
6607,0
6608,0
6609,1
6610,1
6611,0
6612,0
6613,0
6614,0
6615,3
6616,1
6617,2
6618,0
6619,0
6620,1
6621,1
6622,2
6623,2
6624,0
6625,2
6626,2
6627,2
6628,1
6629,1
6630,0
6631,1
6632,1
6633,1
6634,2
6635,1
6636,0
6637,0
6638,0
6639,3
6640,0
6641,1
6642,2
6643,0
6644,0
6645,0
6646,0
6647,1
6648,0
6649,3
6650,2
6651,2
6652,0
6653,0
6654,2
6655,0
6656,1
6657,1
6658,1
6659,0
6660,2
6661,1
6662,2
6663,0
6664,0
6665,2
6666,1
6667,0
6668,1
6669,1
6670,0
6671,1
6672,2
6673,1
6674,2
6675,0
6676,0
6677,1
6678,2
6679,1
6680,0
6681,2
6682,1
6683,0
6684,0
6685,0
6686,0
6687,0
6688,0
6689,1
6690,0
6691,1
6692,0
6693,0
6694,0
6695,2
6696,1
6697,0
6698,0
6699,1
6700,0
6701,1
6702,3
6703,2
6704,2
6705,2
6706,0
6707,0
6708,0
6709,2
6710,0
6711,1
6712,1
6713,0
6714,0
6715,1
6716,2
6717,0
6718,0
6719,0
6720,0
6721,0
6722,0
6723,3
6724,0
6725,1
6726,1
6727,2
6728,0
6729,2
6730,0
6731,2
6732,1
6733,1
6734,2
6735,2
6736,2
6737,1
6738,1
6739,1
6740,1
6741,1
6742,2
6743,0
6744,2
6745,2
6746,2
6747,0
6748,0
6749,2
6750,2
6751,1
6752,0
6753,1
6754,1
6755,2
6756,1
6757,0
6758,0
6759,0
6760,2
6761,1
6762,0
6763,0
6764,0
6765,0
6766,1
6767,3
6768,0
6769,0
6770,0
6771,0
6772,0
6773,0
6774,0
6775,0
6776,0
6777,0
6778,2
6779,2
6780,1
6781,2
6782,1
6783,1
6784,2
6785,2
6786,1
6787,0
6788,1
6789,0
6790,1
6791,3
6792,2
6793,0
6794,0
6795,0
6796,1
6797,2
6798,0
6799,0
6800,1
6801,0
6802,0
6803,1
6804,0
6805,0
6806,2
6807,0
6808,0
6809,0
6810,2
6811,1
6812,0
6813,3
6814,1
6815,2
6816,0
6817,1
6818,0
6819,1
6820,0
6821,0
6822,2
6823,4
6824,1
6825,0
6826,1
6827,2
6828,0
6829,1
6830,0
6831,0
6832,0
6833,1
6834,2
6835,0
6836,1
6837,0
6838,0
6839,0
6840,2
6841,1
6842,0
6843,1
6844,0
6845,0
6846,1
6847,0
6848,1
6849,0
6850,1
6851,0
6852,2
6853,2
6854,3
6855,0
6856,0
6857,0
6858,0
6859,0
6860,2
6861,0
6862,1
6863,2
6864,0
6865,0
6866,2
6867,2
6868,0
6869,1
6870,0
6871,2
6872,0
6873,2
6874,0
6875,0
6876,0
6877,0
6878,2
6879,1
6880,2
6881,1
6882,3
6883,0
6884,0
6885,0
6886,0
6887,0
6888,1
6889,1
6890,0
6891,0
6892,1
6893,1
6894,0
6895,0
6896,1
6897,0
6898,1
6899,2
6900,0
6901,1
6902,0
6903,2
6904,0
6905,0
6906,0
6907,0
6908,0
6909,1
6910,0
6911,1
6912,0
6913,2
6914,1
6915,3
6916,0
6917,0
6918,0
6919,0
6920,1
6921,3
6922,2
6923,1
6924,0
6925,1
6926,1
6927,1
6928,0
6929,0
6930,0
6931,0
6932,3
6933,1
6934,3
6935,0
6936,0
6937,0
6938,0
6939,1
6940,1
6941,0
6942,2
6943,3
6944,0
6945,1
6946,1
6947,0
6948,1
6949,0
6950,0
6951,0
6952,0
6953,0
6954,2
6955,1
6956,2
6957,2
6958,0
6959,2
6960,2
6961,1
6962,0
6963,0
6964,2
6965,0
6966,2
6967,1
6968,0
6969,1
6970,1
6971,2
6972,2
6973,0
6974,2
6975,0
6976,0
6977,0
6978,0
6979,1
6980,0
6981,2
6982,1
6983,0
6984,0
6985,1
6986,0
6987,0
6988,4
6989,1
6990,1
6991,1
6992,0
6993,0
6994,0
6995,2
6996,1
6997,0
6998,2
6999,0
7000,1
7001,2
7002,0
7003,0
7004,0
7005,0
7006,2
7007,1
7008,0
7009,0
7010,1
7011,1
7012,1
7013,0
7014,0
7015,2
7016,0
7017,2
7018,1
7019,0
7020,1
7021,0
7022,3
7023,3
7024,0
7025,0
7026,0
7027,2
7028,0
7029,1
7030,2
7031,0
7032,0
7033,1
7034,1
7035,1
7036,1
7037,2
7038,1
7039,2
7040,1
7041,0
7042,0
7043,0
7044,2
7045,1
7046,0
7047,2
7048,2
7049,2
7050,0
7051,2
7052,2
7053,0
7054,0
7055,2
7056,1
7057,0
7058,0
7059,1
7060,0
7061,1
7062,1
7063,0
7064,3
7065,0
7066,0
7067,0
7068,1
7069,0
7070,3
7071,2
7072,0
7073,0
7074,1
7075,0
7076,2
7077,2
7078,2
7079,0
7080,2
7081,2
7082,2
7083,1
7084,0
7085,0
7086,1
7087,3
7088,1
7089,1
7090,3
7091,1
7092,0
7093,1
7094,0
7095,1
7096,0
7097,0
7098,2
7099,0
7100,2
7101,0
7102,1
7103,0
7104,0
7105,0
7106,2
7107,0
7108,1
7109,0
7110,1
7111,1
7112,1
7113,0
7114,1
7115,3
7116,1
7117,3
7118,1
7119,0
7120,0
7121,2
7122,3
7123,3
7124,0
7125,2
7126,1
7127,1
7128,0
7129,0
7130,1
7131,3
7132,1
7133,1
7134,1
7135,2
7136,0
7137,2
7138,2
7139,1
7140,1
7141,1
7142,3
7143,1
7144,2
7145,1
7146,2
7147,1
7148,2
7149,1
7150,0
7151,0
7152,1
7153,0
7154,2
7155,1
7156,0
7157,3
7158,0
7159,0
7160,0
7161,1
7162,0
7163,1
7164,1
7165,0
7166,0
7167,2
7168,0
7169,0
7170,0
7171,2
7172,1
7173,2
7174,0
7175,1
7176,1
7177,2
7178,1
7179,0
7180,0
7181,0
7182,0
7183,0
7184,1
7185,1
7186,1
7187,1
7188,0
7189,0
7190,1
7191,1
7192,2
7193,1
7194,1
7195,2
7196,0
7197,0
7198,0
7199,1
7200,1
7201,0
7202,0
7203,1
7204,1
7205,2
7206,3
7207,2
7208,2
7209,0
7210,0
7211,1
7212,0
7213,0
7214,0
7215,1
7216,0
7217,0
7218,0
7219,0
7220,1
7221,0
7222,0
7223,1
7224,1
7225,2
7226,0
7227,2
7228,2
7229,1
7230,0
7231,2
7232,2
7233,3
7234,2
7235,2
7236,0
7237,0
7238,2
7239,0
7240,1
7241,2
7242,2
7243,0
7244,1
7245,2
7246,0
7247,0
7248,0
7249,2
7250,2
7251,1
7252,1
7253,0
7254,0
7255,3
7256,0
7257,2
7258,0
7259,0
7260,0
7261,0
7262,0
7263,1
7264,0
7265,0
7266,0
7267,1
7268,2
7269,1
7270,1
7271,1
7272,2
7273,0
7274,2
7275,0
7276,1
7277,1
7278,2
7279,2
7280,1
7281,2
7282,2
7283,1
7284,0
7285,0
7286,2
7287,0
7288,0
7289,1
7290,0
7291,0
7292,0
7293,0
7294,1
7295,0
7296,0
7297,1
7298,0
7299,2
7300,1
7301,0
7302,0
7303,1
7304,0
7305,0
7306,0
7307,2
7308,0
7309,4
7310,0
7311,1
7312,1
7313,0
7314,0
7315,2
7316,0
7317,2
7318,0
7319,0
7320,0
7321,0
7322,0
7323,1
7324,1
7325,0
7326,0
7327,0
7328,3
7329,1
7330,2
7331,0
7332,0
7333,0
7334,3
7335,1
7336,2
7337,0
7338,0
7339,0
7340,0
7341,0
7342,1
7343,0
7344,0
7345,0
7346,1
7347,0
7348,3
7349,2
7350,2
7351,1
7352,2
7353,0
7354,0
7355,0
7356,2
7357,1
7358,1
7359,1
7360,0
7361,2
7362,0
7363,0
7364,1
7365,2
7366,1
7367,0
7368,0
7369,1
7370,1
7371,0
7372,3
7373,2
7374,2
7375,1
7376,1
7377,2
7378,1
7379,1
7380,1
7381,3
7382,1
7383,1
7384,2
7385,1
7386,0
7387,1
7388,1
7389,2
7390,3
7391,3
7392,2
7393,1
7394,1
7395,0
7396,1
7397,2
7398,2
7399,1
7400,0
7401,2
7402,0
7403,1
7404,1
7405,3
7406,2
7407,1
7408,1
7409,1
7410,1
7411,3
7412,4
7413,0
7414,1
7415,1
7416,2
7417,1
7418,0
7419,2
7420,0
7421,3
7422,0
7423,0
7424,1
7425,0
7426,4
7427,1
7428,0
7429,2
7430,1
7431,0
7432,0
7433,3
7434,0
7435,1
7436,0
7437,0
7438,2
7439,1
7440,1
7441,4
7442,1
7443,1
7444,0
7445,0
7446,2
7447,2
7448,0
7449,0
7450,0
7451,1
7452,2
7453,2
7454,2
7455,0
7456,0
7457,1
7458,1
7459,0
7460,0
7461,2
7462,0
7463,2
7464,2
7465,1
7466,1
7467,0
7468,1
7469,1
7470,1
7471,0
7472,0
7473,2
7474,0
7475,0
7476,1
7477,0
7478,2
7479,1
7480,1
7481,0
7482,2
7483,0
7484,2
7485,0
7486,0
7487,0
7488,0
7489,0
7490,0
7491,2
7492,0
7493,2
7494,2
7495,0
7496,0
7497,3
7498,0
7499,0
7500,0
7501,1
7502,2
7503,2
7504,1
7505,1
7506,0
7507,1
7508,0
7509,0
7510,2
7511,1
7512,2
7513,0
7514,0
7515,1
7516,2
7517,0
7518,0
7519,1
7520,1
7521,0
7522,0
7523,0
7524,1
7525,3
7526,1
7527,3
7528,1
7529,1
7530,2
7531,0
7532,2
7533,0
7534,1
7535,0
7536,2
7537,2
7538,2
7539,4
7540,0
7541,3
7542,0
7543,0
7544,1
7545,1
7546,0
7547,1
7548,0
7549,2
7550,0
7551,2
7552,1
7553,2
7554,2
7555,1
7556,3
7557,1
7558,0
7559,0
7560,0
7561,1
7562,3
7563,3
7564,0
7565,0
7566,2
7567,0
7568,0
7569,2
7570,2
7571,0
7572,0
7573,0
7574,2
7575,2
7576,1
7577,0
7578,2
7579,0
7580,1
7581,0
7582,1
7583,0
7584,0
7585,0
7586,0
7587,1
7588,2
7589,2
7590,1
7591,3
7592,0
7593,0
7594,2
7595,1
7596,1
7597,0
7598,0
7599,1
7600,2
7601,0
7602,0
7603,0
7604,2
7605,2
7606,2
7607,1
7608,0
7609,0
7610,1
7611,0
7612,2
7613,0
7614,0
7615,0
7616,2
7617,1
7618,0
7619,1
7620,2
7621,2
7622,0
7623,0
7624,0
7625,0
7626,1
7627,0
7628,0
7629,2
7630,0
7631,3
7632,0
7633,1
7634,1
7635,0
7636,0
7637,3
7638,0
7639,1
7640,0
7641,2
7642,2
7643,0
7644,2
7645,1
7646,2
7647,0
7648,0
7649,0
7650,2
7651,0
7652,1
7653,1
7654,1
7655,0
7656,2
7657,0
7658,1
7659,2
7660,0
7661,1
7662,0
7663,1
7664,3
7665,1
7666,0
7667,0
7668,0
7669,1
7670,2
7671,0
7672,1
7673,0
7674,0
7675,1
7676,1
7677,1
7678,0
7679,1
7680,1
7681,1
7682,3
7683,0
7684,0
7685,2
7686,1
7687,0
7688,0
7689,0
7690,2
7691,0
7692,2
7693,2
7694,2
7695,0
7696,1
7697,0
7698,2
7699,0
7700,1
7701,0
7702,1
7703,0
7704,0
7705,1
7706,0
7707,0
7708,0
7709,0
7710,0
7711,2
7712,0
7713,0
7714,0
7715,1
7716,2
7717,1
7718,1
7719,2
7720,0
7721,1
7722,1
7723,1
7724,0
7725,0
7726,0
7727,2
7728,2
7729,1
7730,0
7731,0
7732,3
7733,1
7734,2
7735,1
7736,2
7737,1
7738,0
7739,0
7740,0
7741,0
7742,1
7743,1
7744,2
7745,1
7746,1
7747,3
7748,2
7749,0
7750,1
7751,2
7752,0
7753,2
7754,1
7755,2
7756,2
7757,0
7758,1
7759,0
7760,0
7761,0
7762,2
7763,1
7764,2
7765,2
7766,1
7767,0
7768,1
7769,2
7770,1
7771,2
7772,1
7773,2
7774,2
7775,1
7776,2
7777,1
7778,1
7779,1
7780,0
7781,2
7782,2
7783,1
7784,3
7785,1
7786,1
7787,2
7788,0
7789,1
7790,2
7791,1
7792,0
7793,1
7794,0
7795,0
7796,1
7797,1
7798,0
7799,1
7800,0
7801,2
7802,1
7803,0
7804,1
7805,2
7806,0
7807,0
7808,0
7809,1
7810,1
7811,0
7812,0
7813,0
7814,2
7815,2
7816,2
7817,1
7818,1
7819,0
7820,1
7821,2
7822,2
7823,1
7824,3
7825,1
7826,1
7827,0
7828,2
7829,1
7830,1
7831,0
7832,1
7833,1
7834,1
7835,0
7836,0
7837,0
7838,1
7839,1
7840,0
7841,2
7842,3
7843,0
7844,2
7845,0
7846,0
7847,1
7848,0
7849,1
7850,2
7851,1
7852,3
7853,3
7854,1
7855,0
7856,1
7857,1
7858,2
7859,1
7860,0
7861,0
7862,0
7863,2
7864,1
7865,1
7866,2
7867,2
7868,1
7869,2
7870,1
7871,2
7872,2
7873,1
7874,3
7875,1
7876,1
7877,2
7878,1
7879,0
7880,1
7881,2
7882,0
7883,1
7884,0
7885,0
7886,1
7887,0
7888,0
7889,1
7890,2
7891,0
7892,3
7893,1
7894,0
7895,2
7896,3
7897,1
7898,0
7899,0
7900,1
7901,0
7902,1
7903,4
7904,1
7905,0
7906,0
7907,0
7908,2
7909,0
7910,0
7911,0
7912,2
7913,0
7914,0
7915,1
7916,1
7917,0
7918,0
7919,2
7920,2
7921,3
7922,0
7923,2
7924,2
7925,0
7926,0
7927,1
7928,2
7929,0
7930,0
7931,2
7932,0
7933,2
7934,1
7935,0
7936,3
7937,0
7938,2
7939,0
7940,0
7941,1
7942,0
7943,1
7944,2
7945,1
7946,2
7947,2
7948,1
7949,0
7950,2
7951,0
7952,1
7953,0
7954,3
7955,0
7956,0
7957,2
7958,3
7959,1
7960,1
7961,2
7962,3
7963,0
7964,2
7965,2
7966,0
7967,4
7968,0
7969,2
7970,0
7971,0
7972,3
7973,1
7974,1
7975,1
7976,1
7977,1
7978,0
7979,0
7980,2
7981,2
7982,0
7983,0
7984,0
7985,2
7986,0
7987,2
7988,1
7989,2
7990,2
7991,0
7992,3
7993,2
7994,0
7995,3
7996,0
7997,0
7998,0
7999,2
8000,2
8001,1
8002,0
8003,0
8004,0
8005,1
8006,0
8007,1
8008,1
8009,0
8010,1
8011,0
8012,2
8013,1
8014,1
8015,1
8016,3
8017,1
8018,1
